ID_subjsess,ID_subj,ID_sess,ID_sex,ID_agegroup,ID_bdate,ID_tdate,ID_race,ID_ethnicity,ID_weight1,ID_weight2,ID_height1,ID_height2,ID_rightleg1,ID_rightleg2,ID_leftleg1,ID_leftleg2,ID_locomotor,onset,offset,task_ordinal,task_task,computervision_ordinal,computervision_videopreset,usedata_ordinal,usedata_playdata,object1_ordinal,object1_obj,object1_action_state_ordinal,object1_action_state_obj,object1_action_state_action,object1_action_state_noise,object1_action_state_detach,object1_action_state_reattach,object1_action_state_takeout,object1_action_state_putin,object1_action_state_popup,object1_action_state_hidden,object1_action_state_open,object1_action_state_close,object2_ordinal,object2_obj,object2_action_state_ordinal,object2_action_state_obj,object2_action_state_action,object2_action_state_noise,object2_action_state_detach,object2_action_state_reattach,object2_action_state_takeout,object2_action_state_putin,object2_action_state_popup,object2_action_state_hidden,object2_action_state_open,object2_action_state_close
15_10,15,10,m,17,08/28/21,02/02/23,w,n,10.25,10.27,77.8,76.8,34,.,34.2,.,w,152626,760988,1,p,1,p,1,p,,,,,,,,,,,,,,,,,,,,,,,,,,,,
15_10,15,10,m,17,08/28/21,02/02/23,w,n,10.25,10.27,77.8,76.8,34,.,34.2,.,w,760988,874820,,,,,,,,,,,,,,,,,,,,,,,,,,,,,,,,,,
15_10,15,10,m,17,08/28/21,02/02/23,w,n,10.25,10.27,77.8,76.8,34,.,34.2,.,w,874820,879308,2,r,2,r,2,r,,,,,,,,,,,,,,,,,,,,,,,,,,,,
15_10,15,10,m,17,08/28/21,02/02/23,w,n,10.25,10.27,77.8,76.8,34,.,34.2,.,w,879308,879309,2,r,2,r,2,r,1,r,1,r,p,,,,,,,,,,,,,,,,,,,,,,,
15_10,15,10,m,17,08/28/21,02/02/23,w,n,10.25,10.27,77.8,76.8,34,.,34.2,.,w,879309,880328,2,r,2,r,2,r,1,r,,,,,,,,,,,,,,,,,,,,,,,,,,
15_10,15,10,m,17,08/28/21,02/02/23,w,n,10.25,10.27,77.8,76.8,34,.,34.2,.,w,880328,880329,2,r,2,r,2,r,1,r,2,r,s,y,,,,,,,,,,,,,,,,,,,,,,
15_10,15,10,m,17,08/28/21,02/02/23,w,n,10.25,10.27,77.8,76.8,34,.,34.2,.,w,880329,883218,2,r,2,r,2,r,1,r,,,,,,,,,,,,,,,,,,,,,,,,,,
15_10,15,10,m,17,08/28/21,02/02/23,w,n,10.25,10.27,77.8,76.8,34,.,34.2,.,w,883218,883219,2,r,2,r,2,r,1,r,3,r,d,,,,,,,,,,,,,,,,,,,,,,,
15_10,15,10,m,17,08/28/21,02/02/23,w,n,10.25,10.27,77.8,76.8,34,.,34.2,.,w,883219,884374,2,r,2,r,2,r,1,r,,,,,,,,,,,,,,,,,,,,,,,,,,
15_10,15,10,m,17,08/28/21,02/02/23,w,n,10.25,10.27,77.8,76.8,34,.,34.2,.,w,884374,884375,2,r,2,r,2,r,1,r,4,r,p,,,,,,,,,,,,,,,,,,,,,,,
15_10,15,10,m,17,08/28/21,02/02/23,w,n,10.25,10.27,77.8,76.8,34,.,34.2,.,w,884375,886890,2,r,2,r,2,r,1,r,,,,,,,,,,,,,,,,,,,,,,,,,,
15_10,15,10,m,17,08/28/21,02/02/23,w,n,10.25,10.27,77.8,76.8,34,.,34.2,.,w,886890,886891,2,r,2,r,2,r,1,r,5,r,s,y,,,,,,,,,,,,,,,,,,,,,,
15_10,15,10,m,17,08/28/21,02/02/23,w,n,10.25,10.27,77.8,76.8,34,.,34.2,.,w,886891,891174,2,r,2,r,2,r,1,r,,,,,,,,,,,,,,,,,,,,,,,,,,
15_10,15,10,m,17,08/28/21,02/02/23,w,n,10.25,10.27,77.8,76.8,34,.,34.2,.,w,891174,891175,2,r,2,r,2,r,1,r,6,r,d,,,,,,,,,,,,,,,,,,,,,,,
15_10,15,10,m,17,08/28/21,02/02/23,w,n,10.25,10.27,77.8,76.8,34,.,34.2,.,w,891175,898824,2,r,2,r,2,r,,,,,,,,,,,,,,,,,,,,,,,,,,,,
15_10,15,10,m,17,08/28/21,02/02/23,w,n,10.25,10.27,77.8,76.8,34,.,34.2,.,w,898824,898825,2,r,2,r,2,r,2,f,7,f,t,,,,,,y,,,,,,,,,,,,,,,,,
15_10,15,10,m,17,08/28/21,02/02/23,w,n,10.25,10.27,77.8,76.8,34,.,34.2,.,w,898825,908344,2,r,2,r,2,r,2,f,,,,,,,,,,,,,,,,,,,,,,,,,,
15_10,15,10,m,17,08/28/21,02/02/23,w,n,10.25,10.27,77.8,76.8,34,.,34.2,.,w,908344,908345,2,r,2,r,2,r,2,f,8,f,pu,,,,,,,,,,,,,,,,,,,,,,,
15_10,15,10,m,17,08/28/21,02/02/23,w,n,10.25,10.27,77.8,76.8,34,.,34.2,.,w,908345,912424,2,r,2,r,2,r,2,f,,,,,,,,,,,,,,,,,,,,,,,,,,
15_10,15,10,m,17,08/28/21,02/02/23,w,n,10.25,10.27,77.8,76.8,34,.,34.2,.,w,912424,912425,2,r,2,r,2,r,2,f,9,f,t,,,,,,,,,,,,,,,,,,,,,,,
15_10,15,10,m,17,08/28/21,02/02/23,w,n,10.25,10.27,77.8,76.8,34,.,34.2,.,w,912425,932009,2,r,2,r,2,r,2,f,,,,,,,,,,,,,,,,,,,,,,,,,,
15_10,15,10,m,17,08/28/21,02/02/23,w,n,10.25,10.27,77.8,76.8,34,.,34.2,.,w,932009,946832,2,r,2,r,2,r,,,,,,,,,,,,,,,,,,,,,,,,,,,,
15_10,15,10,m,17,08/28/21,02/02/23,w,n,10.25,10.27,77.8,76.8,34,.,34.2,.,w,946832,946833,2,r,2,r,2,r,3,cu,10,cu,p,,,,,,,,,,,,,,,,,,,,,,,
15_10,15,10,m,17,08/28/21,02/02/23,w,n,10.25,10.27,77.8,76.8,34,.,34.2,.,w,946833,947648,2,r,2,r,2,r,3,cu,,,,,,,,,,,,,,,,,,,,,,,,,,
15_10,15,10,m,17,08/28/21,02/02/23,w,n,10.25,10.27,77.8,76.8,34,.,34.2,.,w,947648,947649,2,r,2,r,2,r,3,cu,11,cu,c,,,,,,,,,,,,,,,,,,,,,,,
15_10,15,10,m,17,08/28/21,02/02/23,w,n,10.25,10.27,77.8,76.8,34,.,34.2,.,w,947649,951660,2,r,2,r,2,r,3,cu,,,,,,,,,,,,,,,,,,,,,,,,,,
15_10,15,10,m,17,08/28/21,02/02/23,w,n,10.25,10.27,77.8,76.8,34,.,34.2,.,w,951660,951661,2,r,2,r,2,r,3,cu,12,cu,d,,,,,,,,,,,,,,,,,,,,,,,
15_10,15,10,m,17,08/28/21,02/02/23,w,n,10.25,10.27,77.8,76.8,34,.,34.2,.,w,951661,959310,2,r,2,r,2,r,,,,,,,,,,,,,,,,,,,,,,,,,,,,
15_10,15,10,m,17,08/28/21,02/02/23,w,n,10.25,10.27,77.8,76.8,34,.,34.2,.,w,959310,959311,2,r,2,r,2,r,4,cu,13,cu,p,,,,,,,,,,,,,,,,,,,,,,,
15_10,15,10,m,17,08/28/21,02/02/23,w,n,10.25,10.27,77.8,76.8,34,.,34.2,.,w,959311,959514,2,r,2,r,2,r,4,cu,,,,,,,,,,,,,,,,,,,,,,,,,,
15_10,15,10,m,17,08/28/21,02/02/23,w,n,10.25,10.27,77.8,76.8,34,.,34.2,.,w,959514,959515,2,r,2,r,2,r,4,cu,14,cu,c,,,,,,,,,,,,,,,,,,,,,,,
15_10,15,10,m,17,08/28/21,02/02/23,w,n,10.25,10.27,77.8,76.8,34,.,34.2,.,w,959515,965600,2,r,2,r,2,r,4,cu,,,,,,,,,,,,,,,,,,,,,,,,,,
15_10,15,10,m,17,08/28/21,02/02/23,w,n,10.25,10.27,77.8,76.8,34,.,34.2,.,w,965600,965601,2,r,2,r,2,r,4,cu,15,cu,d,,,,,,,,,,,,,,,,,,,,,,,
15_10,15,10,m,17,08/28/21,02/02/23,w,n,10.25,10.27,77.8,76.8,34,.,34.2,.,w,965601,973386,2,r,2,r,2,r,,,,,,,,,,,,,,,,,,,,,,,,,,,,
15_10,15,10,m,17,08/28/21,02/02/23,w,n,10.25,10.27,77.8,76.8,34,.,34.2,.,w,973386,973387,2,r,2,r,2,r,5,cu,16,cu,p,,,,,,,,,,,,,,,,,,,,,,,
15_10,15,10,m,17,08/28/21,02/02/23,w,n,10.25,10.27,77.8,76.8,34,.,34.2,.,w,973387,974950,2,r,2,r,2,r,5,cu,,,,,,,,,,,,,,,,,,,,,,,,,,
15_10,15,10,m,17,08/28/21,02/02/23,w,n,10.25,10.27,77.8,76.8,34,.,34.2,.,w,974950,974951,2,r,2,r,2,r,5,cu,17,cu,c,,,,,,,,,,,,,,,,,,,,,,,
15_10,15,10,m,17,08/28/21,02/02/23,w,n,10.25,10.27,77.8,76.8,34,.,34.2,.,w,974951,976888,2,r,2,r,2,r,5,cu,,,,,,,,,,,,,,,,,,,,,,,,,,
15_10,15,10,m,17,08/28/21,02/02/23,w,n,10.25,10.27,77.8,76.8,34,.,34.2,.,w,976888,976889,2,r,2,r,2,r,5,cu,18,cu,d,,,,,,,,,,,,,,,,,,,,,,,
15_10,15,10,m,17,08/28/21,02/02/23,w,n,10.25,10.27,77.8,76.8,34,.,34.2,.,w,976889,980016,2,r,2,r,2,r,,,,,,,,,,,,,,,,,,,,,,,,,,,,
15_10,15,10,m,17,08/28/21,02/02/23,w,n,10.25,10.27,77.8,76.8,34,.,34.2,.,w,980016,980017,2,r,2,r,2,r,6,cu,19,cu,p,,,,,,,,,,,,,,,,,,,,,,,
15_10,15,10,m,17,08/28/21,02/02/23,w,n,10.25,10.27,77.8,76.8,34,.,34.2,.,w,980017,980696,2,r,2,r,2,r,6,cu,,,,,,,,,,,,,,,,,,,,,,,,,,
15_10,15,10,m,17,08/28/21,02/02/23,w,n,10.25,10.27,77.8,76.8,34,.,34.2,.,w,980696,980697,2,r,2,r,2,r,6,cu,20,cu,c,,,,,,,,,,,,,,,,,,,,,,,
15_10,15,10,m,17,08/28/21,02/02/23,w,n,10.25,10.27,77.8,76.8,34,.,34.2,.,w,980697,985490,2,r,2,r,2,r,6,cu,,,,,,,,,,,,,,,,,,,,,,,,,,
15_10,15,10,m,17,08/28/21,02/02/23,w,n,10.25,10.27,77.8,76.8,34,.,34.2,.,w,985490,985491,2,r,2,r,2,r,6,cu,21,cu,i,,,,,y,,,,,1,bu,1,bu,,,,,,y,,,,
15_10,15,10,m,17,08/28/21,02/02/23,w,n,10.25,10.27,77.8,76.8,34,.,34.2,.,w,985491,990998,2,r,2,r,2,r,,,,,,,,,,,,,,,,,,,,,,,,,,,,
15_10,15,10,m,17,08/28/21,02/02/23,w,n,10.25,10.27,77.8,76.8,34,.,34.2,.,w,990998,990999,2,r,2,r,2,r,7,bu,22,bu,o,,,,y,,,,,,,,,,,,,,,,,,,
15_10,15,10,m,17,08/28/21,02/02/23,w,n,10.25,10.27,77.8,76.8,34,.,34.2,.,w,990999,991372,2,r,2,r,2,r,7,bu,,,,,,,,,,,,,,,,,,,,,,,,,,
15_10,15,10,m,17,08/28/21,02/02/23,w,n,10.25,10.27,77.8,76.8,34,.,34.2,.,w,991372,991373,2,r,2,r,2,r,7,bu,23,bu,p,,,,,,,,,,,,,,,,,,,,,,,
15_10,15,10,m,17,08/28/21,02/02/23,w,n,10.25,10.27,77.8,76.8,34,.,34.2,.,w,991373,992290,2,r,2,r,2,r,7,bu,,,,,,,,,,,,,,,,,,,,,,,,,,
15_10,15,10,m,17,08/28/21,02/02/23,w,n,10.25,10.27,77.8,76.8,34,.,34.2,.,w,992290,992291,2,r,2,r,2,r,7,bu,24,bu,c,,,,,,,,,,,,,,,,,,,,,,,
15_10,15,10,m,17,08/28/21,02/02/23,w,n,10.25,10.27,77.8,76.8,34,.,34.2,.,w,992291,994467,2,r,2,r,2,r,7,bu,,,,,,,,,,,,,,,,,,,,,,,,,,
15_10,15,10,m,17,08/28/21,02/02/23,w,n,10.25,10.27,77.8,76.8,34,.,34.2,.,w,994467,994468,2,r,2,r,2,r,7,bu,25,bu,h,,,,,,,,,,,,,,,,,,,,,,,
15_10,15,10,m,17,08/28/21,02/02/23,w,n,10.25,10.27,77.8,76.8,34,.,34.2,.,w,994468,997084,2,r,2,r,2,r,7,bu,,,,,,,,,,,,,,,,,,,,,,,,,,
15_10,15,10,m,17,08/28/21,02/02/23,w,n,10.25,10.27,77.8,76.8,34,.,34.2,.,w,997084,997085,2,r,2,r,2,r,7,bu,26,bu,th,,,,,,,,,,,,,,,,,,,,,,,
15_10,15,10,m,17,08/28/21,02/02/23,w,n,10.25,10.27,77.8,76.8,34,.,34.2,.,w,997085,1001844,2,r,2,r,2,r,7,bu,,,,,,,,,,,,,,,,,,,,,,,,,,
15_10,15,10,m,17,08/28/21,02/02/23,w,n,10.25,10.27,77.8,76.8,34,.,34.2,.,w,1001844,1001845,2,r,2,r,2,r,7,bu,27,bu,c,,,,,,,,,,,,,,,,,,,,,,,
15_10,15,10,m,17,08/28/21,02/02/23,w,n,10.25,10.27,77.8,76.8,34,.,34.2,.,w,1001845,1009495,2,r,2,r,2,r,7,bu,,,,,,,,,,,,,,,,,,,,,,,,,,
15_10,15,10,m,17,08/28/21,02/02/23,w,n,10.25,10.27,77.8,76.8,34,.,34.2,.,w,1009495,1009496,2,r,2,r,2,r,7,bu,28,bu,h,,,,,,,,,,,,,,,,,,,,,,,
15_10,15,10,m,17,08/28/21,02/02/23,w,n,10.25,10.27,77.8,76.8,34,.,34.2,.,w,1009496,1012554,2,r,2,r,2,r,7,bu,,,,,,,,,,,,,,,,,,,,,,,,,,
15_10,15,10,m,17,08/28/21,02/02/23,w,n,10.25,10.27,77.8,76.8,34,.,34.2,.,w,1012554,1012555,2,r,2,r,2,r,7,bu,29,bu,d,,,,,,,,,,,,,,,,,,,,,,,
15_10,15,10,m,17,08/28/21,02/02/23,w,n,10.25,10.27,77.8,76.8,34,.,34.2,.,w,1012555,1015036,2,r,2,r,2,r,7,bu,,,,,,,,,,,,,,,,,,,,,,,,,,
15_10,15,10,m,17,08/28/21,02/02/23,w,n,10.25,10.27,77.8,76.8,34,.,34.2,.,w,1015036,1015037,2,r,2,r,2,r,7,bu,30,bu,o,,,,y,,,,,,,,,,,,,,,,,,,
15_10,15,10,m,17,08/28/21,02/02/23,w,n,10.25,10.27,77.8,76.8,34,.,34.2,.,w,1015037,1015478,2,r,2,r,2,r,7,bu,,,,,,,,,,,,,,,,,,,,,,,,,,
15_10,15,10,m,17,08/28/21,02/02/23,w,n,10.25,10.27,77.8,76.8,34,.,34.2,.,w,1015478,1015479,2,r,2,r,2,r,7,bu,31,bu,th,,,,,,,,,,,,,,,,,,,,,,,
15_10,15,10,m,17,08/28/21,02/02/23,w,n,10.25,10.27,77.8,76.8,34,.,34.2,.,w,1015479,1018844,2,r,2,r,2,r,7,bu,,,,,,,,,,,,,,,,,,,,,,,,,,
15_10,15,10,m,17,08/28/21,02/02/23,w,n,10.25,10.27,77.8,76.8,34,.,34.2,.,w,1018844,1018845,2,r,2,r,2,r,7,bu,32,bu,o,,,,y,,,,,,,,,,,,,,,,,,,
15_10,15,10,m,17,08/28/21,02/02/23,w,n,10.25,10.27,77.8,76.8,34,.,34.2,.,w,1018845,1020918,2,r,2,r,2,r,7,bu,,,,,,,,,,,,,,,,,,,,,,,,,,
15_10,15,10,m,17,08/28/21,02/02/23,w,n,10.25,10.27,77.8,76.8,34,.,34.2,.,w,1020918,1020919,2,r,2,r,2,r,7,bu,33,bu,th,,,,,,,,,,,,,,,,,,,,,,,
15_10,15,10,m,17,08/28/21,02/02/23,w,n,10.25,10.27,77.8,76.8,34,.,34.2,.,w,1020919,1023808,2,r,2,r,2,r,7,bu,,,,,,,,,,,,,,,,,,,,,,,,,,
15_10,15,10,m,17,08/28/21,02/02/23,w,n,10.25,10.27,77.8,76.8,34,.,34.2,.,w,1023808,1023809,2,r,2,r,2,r,7,bu,34,bu,o,,,,y,,,,,,,,,,,,,,,,,,,
15_10,15,10,m,17,08/28/21,02/02/23,w,n,10.25,10.27,77.8,76.8,34,.,34.2,.,w,1023809,1024216,2,r,2,r,2,r,7,bu,,,,,,,,,,,,,,,,,,,,,,,,,,
15_10,15,10,m,17,08/28/21,02/02/23,w,n,10.25,10.27,77.8,76.8,34,.,34.2,.,w,1024216,1024217,2,r,2,r,2,r,7,bu,35,bu,th,,,,,,,,,,,,,,,,,,,,,,,
15_10,15,10,m,17,08/28/21,02/02/23,w,n,10.25,10.27,77.8,76.8,34,.,34.2,.,w,1024217,1027378,2,r,2,r,2,r,,,,,,,,,,,,,,,,,,,,,,,,,,,,
15_10,15,10,m,17,08/28/21,02/02/23,w,n,10.25,10.27,77.8,76.8,34,.,34.2,.,w,1027378,1027379,2,r,2,r,2,r,8,bu,36,bu,,,,,y,,,,,,2,cu,2,cu,o,,,,y,,,,,
15_10,15,10,m,17,08/28/21,02/02/23,w,n,10.25,10.27,77.8,76.8,34,.,34.2,.,w,1027379,1027990,2,r,2,r,2,r,,,,,,,,,,,,,,,2,cu,,,,,,,,,,,,
15_10,15,10,m,17,08/28/21,02/02/23,w,n,10.25,10.27,77.8,76.8,34,.,34.2,.,w,1027990,1027991,2,r,2,r,2,r,,,,,,,,,,,,,,,2,cu,3,cu,th,,,,,,,,,
15_10,15,10,m,17,08/28/21,02/02/23,w,n,10.25,10.27,77.8,76.8,34,.,34.2,.,w,1027991,1029282,2,r,2,r,2,r,,,,,,,,,,,,,,,,,,,,,,,,,,,,
15_10,15,10,m,17,08/28/21,02/02/23,w,n,10.25,10.27,77.8,76.8,34,.,34.2,.,w,1029282,1029283,2,r,2,r,2,r,9,bu,37,bu,o,,,,y,,,,,,,,,,,,,,,,,,,
15_10,15,10,m,17,08/28/21,02/02/23,w,n,10.25,10.27,77.8,76.8,34,.,34.2,.,w,1029283,1029690,2,r,2,r,2,r,9,bu,,,,,,,,,,,,,,,,,,,,,,,,,,
15_10,15,10,m,17,08/28/21,02/02/23,w,n,10.25,10.27,77.8,76.8,34,.,34.2,.,w,1029690,1029691,2,r,2,r,2,r,9,bu,38,bu,th,,,,,,,,,,,,,,,,,,,,,,,
15_10,15,10,m,17,08/28/21,02/02/23,w,n,10.25,10.27,77.8,76.8,34,.,34.2,.,w,1029691,1031084,2,r,2,r,2,r,9,bu,,,,,,,,,,,,,,,,,,,,,,,,,,
15_10,15,10,m,17,08/28/21,02/02/23,w,n,10.25,10.27,77.8,76.8,34,.,34.2,.,w,1031084,1031085,2,r,2,r,2,r,9,bu,39,bu,o,,,,y,,,,,,,,,,,,,,,,,,,
15_10,15,10,m,17,08/28/21,02/02/23,w,n,10.25,10.27,77.8,76.8,34,.,34.2,.,w,1031085,1031458,2,r,2,r,2,r,9,bu,,,,,,,,,,,,,,,,,,,,,,,,,,
15_10,15,10,m,17,08/28/21,02/02/23,w,n,10.25,10.27,77.8,76.8,34,.,34.2,.,w,1031458,1031459,2,r,2,r,2,r,9,bu,40,bu,th,,,,,,,,,,,,,,,,,,,,,,,
15_10,15,10,m,17,08/28/21,02/02/23,w,n,10.25,10.27,77.8,76.8,34,.,34.2,.,w,1031459,1035674,2,r,2,r,2,r,,,,,,,,,,,,,,,,,,,,,,,,,,,,
15_10,15,10,m,17,08/28/21,02/02/23,w,n,10.25,10.27,77.8,76.8,34,.,34.2,.,w,1035674,1035675,2,r,2,r,2,r,10,bu,41,bu,p,,,,,,,,,,,,,,,,,,,,,,,
15_10,15,10,m,17,08/28/21,02/02/23,w,n,10.25,10.27,77.8,76.8,34,.,34.2,.,w,1035675,1036184,2,r,2,r,2,r,10,bu,,,,,,,,,,,,,,,,,,,,,,,,,,
15_10,15,10,m,17,08/28/21,02/02/23,w,n,10.25,10.27,77.8,76.8,34,.,34.2,.,w,1036184,1036185,2,r,2,r,2,r,10,bu,42,bu,d,,,,,,,,,,,,,,,,,,,,,,,
15_10,15,10,m,17,08/28/21,02/02/23,w,n,10.25,10.27,77.8,76.8,34,.,34.2,.,w,1036185,1039176,2,r,2,r,2,r,10,bu,,,,,,,,,,,,,,,,,,,,,,,,,,
15_10,15,10,m,17,08/28/21,02/02/23,w,n,10.25,10.27,77.8,76.8,34,.,34.2,.,w,1039176,1039177,2,r,2,r,2,r,10,bu,43,bu,pu,,,,,,,,,,,,,,,,,,,,,,,
15_10,15,10,m,17,08/28/21,02/02/23,w,n,10.25,10.27,77.8,76.8,34,.,34.2,.,w,1039177,1049036,2,r,2,r,2,r,,,,,,,,,,,,,,,,,,,,,,,,,,,,
15_10,15,10,m,17,08/28/21,02/02/23,w,n,10.25,10.27,77.8,76.8,34,.,34.2,.,w,1049036,1049037,2,r,2,r,2,r,11,bu,44,bu,p,,,,,,,,,,,,,,,,,,,,,,,
15_10,15,10,m,17,08/28/21,02/02/23,w,n,10.25,10.27,77.8,76.8,34,.,34.2,.,w,1049037,1049580,2,r,2,r,2,r,11,bu,,,,,,,,,,,,,,,,,,,,,,,,,,
15_10,15,10,m,17,08/28/21,02/02/23,w,n,10.25,10.27,77.8,76.8,34,.,34.2,.,w,1049580,1049581,2,r,2,r,2,r,11,bu,45,bu,th,,,,,,,,,,,,,,,,,,,,,,,
15_10,15,10,m,17,08/28/21,02/02/23,w,n,10.25,10.27,77.8,76.8,34,.,34.2,.,w,1049581,1051110,2,r,2,r,2,r,11,bu,,,,,,,,,,,,,,,,,,,,,,,,,,
15_10,15,10,m,17,08/28/21,02/02/23,w,n,10.25,10.27,77.8,76.8,34,.,34.2,.,w,1051110,1051111,2,r,2,r,2,r,11,bu,46,bu,th,,,,,,,,,,,,,,,,,,,,,,,
15_10,15,10,m,17,08/28/21,02/02/23,w,n,10.25,10.27,77.8,76.8,34,.,34.2,.,w,1051111,1056278,2,r,2,r,2,r,,,,,,,,,,,,,,,,,,,,,,,,,,,,
15_10,15,10,m,17,08/28/21,02/02/23,w,n,10.25,10.27,77.8,76.8,34,.,34.2,.,w,1056278,1056279,2,r,2,r,2,r,12,rb,47,rb,p,,,,,,,,,,,,,,,,,,,,,,,
15_10,15,10,m,17,08/28/21,02/02/23,w,n,10.25,10.27,77.8,76.8,34,.,34.2,.,w,1056279,1059236,2,r,2,r,2,r,12,rb,,,,,,,,,,,,,,,,,,,,,,,,,,
15_10,15,10,m,17,08/28/21,02/02/23,w,n,10.25,10.27,77.8,76.8,34,.,34.2,.,w,1059236,1059237,2,r,2,r,2,r,12,rb,48,rb,c,,,,,,,,,,,,,,,,,,,,,,,
15_10,15,10,m,17,08/28/21,02/02/23,w,n,10.25,10.27,77.8,76.8,34,.,34.2,.,w,1059237,1060868,2,r,2,r,2,r,12,rb,,,,,,,,,,,,,,,,,,,,,,,,,,
15_10,15,10,m,17,08/28/21,02/02/23,w,n,10.25,10.27,77.8,76.8,34,.,34.2,.,w,1060868,1060869,2,r,2,r,2,r,12,rb,49,rb,th,,,,,,,,,,,,,,,,,,,,,,,
15_10,15,10,m,17,08/28/21,02/02/23,w,n,10.25,10.27,77.8,76.8,34,.,34.2,.,w,1060869,1073006,2,r,2,r,2,r,,,,,,,,,,,,,,,,,,,,,,,,,,,,
15_10,15,10,m,17,08/28/21,02/02/23,w,n,10.25,10.27,77.8,76.8,34,.,34.2,.,w,1073006,1073007,2,r,2,r,2,r,13,a,50,a,t,y,,,,,,,,,,,,,,,,,,,,,,
15_10,15,10,m,17,08/28/21,02/02/23,w,n,10.25,10.27,77.8,76.8,34,.,34.2,.,w,1073007,1104457,2,r,2,r,2,r,13,a,,,,,,,,,,,,,,,,,,,,,,,,,,
15_10,15,10,m,17,08/28/21,02/02/23,w,n,10.25,10.27,77.8,76.8,34,.,34.2,.,w,1104457,1112888,2,r,2,r,2,r,,,,,,,,,,,,,,,,,,,,,,,,,,,,
15_10,15,10,m,17,08/28/21,02/02/23,w,n,10.25,10.27,77.8,76.8,34,.,34.2,.,w,1112888,1112889,2,r,2,r,2,r,14,pb,51,pb,p,,,,,,,,,,,,,,,,,,,,,,,
15_10,15,10,m,17,08/28/21,02/02/23,w,n,10.25,10.27,77.8,76.8,34,.,34.2,.,w,1112889,1113398,2,r,2,r,2,r,14,pb,,,,,,,,,,,,,,,,,,,,,,,,,,
15_10,15,10,m,17,08/28/21,02/02/23,w,n,10.25,10.27,77.8,76.8,34,.,34.2,.,w,1113398,1113399,2,r,2,r,2,r,14,pb,52,pb,c,,,,,,,,,,,,,,,,,,,,,,,
15_10,15,10,m,17,08/28/21,02/02/23,w,n,10.25,10.27,77.8,76.8,34,.,34.2,.,w,1113399,1117002,2,r,2,r,2,r,14,pb,,,,,,,,,,,,,,,,,,,,,,,,,,
15_10,15,10,m,17,08/28/21,02/02/23,w,n,10.25,10.27,77.8,76.8,34,.,34.2,.,w,1117002,1117003,2,r,2,r,2,r,14,pb,53,pb,th,,,,,,,,,,,,,,,,,,,,,,,
15_10,15,10,m,17,08/28/21,02/02/23,w,n,10.25,10.27,77.8,76.8,34,.,34.2,.,w,1117003,1123564,2,r,2,r,2,r,,,,,,,,,,,,,,,,,,,,,,,,,,,,
15_10,15,10,m,17,08/28/21,02/02/23,w,n,10.25,10.27,77.8,76.8,34,.,34.2,.,w,1123564,1123565,2,r,2,r,2,r,15,pb,54,pb,p,,,,,,,,,,,,,,,,,,,,,,,
15_10,15,10,m,17,08/28/21,02/02/23,w,n,10.25,10.27,77.8,76.8,34,.,34.2,.,w,1123565,1124073,2,r,2,r,2,r,15,pb,,,,,,,,,,,,,,,,,,,,,,,,,,
15_10,15,10,m,17,08/28/21,02/02/23,w,n,10.25,10.27,77.8,76.8,34,.,34.2,.,w,1124073,1124074,2,r,2,r,2,r,15,pb,55,pb,d,,,,,,,,,,,,,,,,,,,,,,,
15_10,15,10,m,17,08/28/21,02/02/23,w,n,10.25,10.27,77.8,76.8,34,.,34.2,.,w,1124074,1138388,2,r,2,r,2,r,,,,,,,,,,,,,,,,,,,,,,,,,,,,
15_10,15,10,m,17,08/28/21,02/02/23,w,n,10.25,10.27,77.8,76.8,34,.,34.2,.,w,1138388,1138389,2,r,2,r,2,r,16,p,56,p,t,y,,,,,,,,,,,,,,,,,,,,,,
15_10,15,10,m,17,08/28/21,02/02/23,w,n,10.25,10.27,77.8,76.8,34,.,34.2,.,w,1138389,1149200,2,r,2,r,2,r,16,p,,,,,,,,,,,,,,,,,,,,,,,,,,
15_10,15,10,m,17,08/28/21,02/02/23,w,n,10.25,10.27,77.8,76.8,34,.,34.2,.,w,1149200,1149201,2,r,2,r,2,r,16,p,57,p,t,y,,,,,,,y,,,,,,,,,,,,,,,
15_10,15,10,m,17,08/28/21,02/02/23,w,n,10.25,10.27,77.8,76.8,34,.,34.2,.,w,1149201,1153824,2,r,2,r,2,r,16,p,,,,,,,,,,,,,,,,,,,,,,,,,,
15_10,15,10,m,17,08/28/21,02/02/23,w,n,10.25,10.27,77.8,76.8,34,.,34.2,.,w,1153824,1153825,2,r,2,r,2,r,16,p,58,p,o,,,,y,,,,,,,,,,,,,,,,,,,
15_10,15,10,m,17,08/28/21,02/02/23,w,n,10.25,10.27,77.8,76.8,34,.,34.2,.,w,1153825,1153826,2,r,2,r,2,r,16,p,59,p,h,,,,,,,,,,,,,,,,,,,,,,,
15_10,15,10,m,17,08/28/21,02/02/23,w,n,10.25,10.27,77.8,76.8,34,.,34.2,.,w,1153826,1156952,2,r,2,r,2,r,16,p,,,,,,,,,,,,,,,,,,,,,,,,,,
15_10,15,10,m,17,08/28/21,02/02/23,w,n,10.25,10.27,77.8,76.8,34,.,34.2,.,w,1156952,1156953,2,r,2,r,2,r,16,p,60,p,i,y,,,,y,,,,,,,,,,,,,,,,,,
15_10,15,10,m,17,08/28/21,02/02/23,w,n,10.25,10.27,77.8,76.8,34,.,34.2,.,w,1156953,1162222,2,r,2,r,2,r,16,p,,,,,,,,,,,,,,,,,,,,,,,,,,
15_10,15,10,m,17,08/28/21,02/02/23,w,n,10.25,10.27,77.8,76.8,34,.,34.2,.,w,1162222,1162223,2,r,2,r,2,r,16,p,61,p,i,y,,,,y,,,,,,,,,,,,,,,,,,
15_10,15,10,m,17,08/28/21,02/02/23,w,n,10.25,10.27,77.8,76.8,34,.,34.2,.,w,1162223,1167526,2,r,2,r,2,r,16,p,,,,,,,,,,,,,,,,,,,,,,,,,,
15_10,15,10,m,17,08/28/21,02/02/23,w,n,10.25,10.27,77.8,76.8,34,.,34.2,.,w,1167526,1167527,2,r,2,r,2,r,16,p,62,p,o,,,,y,,,,,,,,,,,,,,,,,,,
15_10,15,10,m,17,08/28/21,02/02/23,w,n,10.25,10.27,77.8,76.8,34,.,34.2,.,w,1167527,1168580,2,r,2,r,2,r,16,p,,,,,,,,,,,,,,,,,,,,,,,,,,
15_10,15,10,m,17,08/28/21,02/02/23,w,n,10.25,10.27,77.8,76.8,34,.,34.2,.,w,1168580,1168581,2,r,2,r,2,r,16,p,63,p,i,y,,,,y,,,,,,,,,,,,,,,,,,
15_10,15,10,m,17,08/28/21,02/02/23,w,n,10.25,10.27,77.8,76.8,34,.,34.2,.,w,1168581,1173782,2,r,2,r,2,r,16,p,,,,,,,,,,,,,,,,,,,,,,,,,,
15_10,15,10,m,17,08/28/21,02/02/23,w,n,10.25,10.27,77.8,76.8,34,.,34.2,.,w,1173782,1173783,2,r,2,r,2,r,16,p,64,p,p,,,,,,,,,,,,,,,,,,,,,,,
15_10,15,10,m,17,08/28/21,02/02/23,w,n,10.25,10.27,77.8,76.8,34,.,34.2,.,w,1173783,1175142,2,r,2,r,2,r,16,p,,,,,,,,,,,,,,,,,,,,,,,,,,
15_10,15,10,m,17,08/28/21,02/02/23,w,n,10.25,10.27,77.8,76.8,34,.,34.2,.,w,1175142,1175143,2,r,2,r,2,r,16,p,65,p,i,y,,,,y,,,,,,,,,,,,,,,,,,
15_10,15,10,m,17,08/28/21,02/02/23,w,n,10.25,10.27,77.8,76.8,34,.,34.2,.,w,1175143,1180854,2,r,2,r,2,r,16,p,,,,,,,,,,,,,,,,,,,,,,,,,,
15_10,15,10,m,17,08/28/21,02/02/23,w,n,10.25,10.27,77.8,76.8,34,.,34.2,.,w,1180854,1180855,2,r,2,r,2,r,16,p,66,p,t,y,,,,,,,,,,,,,,,,,,,,,,
15_10,15,10,m,17,08/28/21,02/02/23,w,n,10.25,10.27,77.8,76.8,34,.,34.2,.,w,1180855,1186498,2,r,2,r,2,r,16,p,,,,,,,,,,,,,,,,,,,,,,,,,,
15_10,15,10,m,17,08/28/21,02/02/23,w,n,10.25,10.27,77.8,76.8,34,.,34.2,.,w,1186498,1186499,2,r,2,r,2,r,16,p,67,p,o,y,,,y,,,,,,,,,,,,,,,,,,,
15_10,15,10,m,17,08/28/21,02/02/23,w,n,10.25,10.27,77.8,76.8,34,.,34.2,.,w,1186499,1187858,2,r,2,r,2,r,16,p,,,,,,,,,,,,,,,,,,,,,,,,,,
15_10,15,10,m,17,08/28/21,02/02/23,w,n,10.25,10.27,77.8,76.8,34,.,34.2,.,w,1187858,1187859,2,r,2,r,2,r,16,p,68,p,i,,,,,,,,,,,,,,,,,,,,,,,
15_10,15,10,m,17,08/28/21,02/02/23,w,n,10.25,10.27,77.8,76.8,34,.,34.2,.,w,1187859,1204722,2,r,2,r,2,r,16,p,,,,,,,,,,,,,,,,,,,,,,,,,,
15_10,15,10,m,17,08/28/21,02/02/23,w,n,10.25,10.27,77.8,76.8,34,.,34.2,.,w,1204722,1204723,2,r,2,r,2,r,16,p,69,p,s,,,,,,,,,,,,,,,,,,,,,,,
15_10,15,10,m,17,08/28/21,02/02/23,w,n,10.25,10.27,77.8,76.8,34,.,34.2,.,w,1204723,1213834,2,r,2,r,2,r,16,p,,,,,,,,,,,,,,,,,,,,,,,,,,
15_10,15,10,m,17,08/28/21,02/02/23,w,n,10.25,10.27,77.8,76.8,34,.,34.2,.,w,1213834,1213835,2,r,2,r,2,r,16,p,70,p,i,,,,,,,,,,,,,,,,,,,,,,,
15_10,15,10,m,17,08/28/21,02/02/23,w,n,10.25,10.27,77.8,76.8,34,.,34.2,.,w,1213835,1217200,2,r,2,r,2,r,16,p,,,,,,,,,,,,,,,,,,,,,,,,,,
15_10,15,10,m,17,08/28/21,02/02/23,w,n,10.25,10.27,77.8,76.8,34,.,34.2,.,w,1217200,1217201,2,r,2,r,2,r,16,p,71,p,d,,,,,,,,,,,,,,,,,,,,,,,
15_10,15,10,m,17,08/28/21,02/02/23,w,n,10.25,10.27,77.8,76.8,34,.,34.2,.,w,1217201,1218662,2,r,2,r,2,r,16,p,,,,,,,,,,,,,,,,,,,,,,,,,,
15_10,15,10,m,17,08/28/21,02/02/23,w,n,10.25,10.27,77.8,76.8,34,.,34.2,.,w,1218662,1218663,2,r,2,r,2,r,16,p,72,p,t,y,,,,,,,,,,,,,,,,,,,,,,
15_10,15,10,m,17,08/28/21,02/02/23,w,n,10.25,10.27,77.8,76.8,34,.,34.2,.,w,1218663,1234540,2,r,2,r,2,r,16,p,,,,,,,,,,,,,,,,,,,,,,,,,,
15_10,15,10,m,17,08/28/21,02/02/23,w,n,10.25,10.27,77.8,76.8,34,.,34.2,.,w,1234540,1234541,2,r,2,r,2,r,16,p,73,p,p,,,,,,,,,,,,,,,,,,,,,,,
15_10,15,10,m,17,08/28/21,02/02/23,w,n,10.25,10.27,77.8,76.8,34,.,34.2,.,w,1234541,1237226,2,r,2,r,2,r,16,p,,,,,,,,,,,,,,,,,,,,,,,,,,
15_10,15,10,m,17,08/28/21,02/02/23,w,n,10.25,10.27,77.8,76.8,34,.,34.2,.,w,1237226,1237227,2,r,2,r,2,r,16,p,74,p,t,y,,,,,,,,,,,,,,,,,,,,,,
15_10,15,10,m,17,08/28/21,02/02/23,w,n,10.25,10.27,77.8,76.8,34,.,34.2,.,w,1237227,1241748,2,r,2,r,2,r,16,p,,,,,,,,,,,,,,,,,,,,,,,,,,
15_10,15,10,m,17,08/28/21,02/02/23,w,n,10.25,10.27,77.8,76.8,34,.,34.2,.,w,1241748,1241749,2,r,2,r,2,r,16,p,75,p,i,y,,,,y,,,,,,,,,,,,,,,,,,
15_10,15,10,m,17,08/28/21,02/02/23,w,n,10.25,10.27,77.8,76.8,34,.,34.2,.,w,1241749,1247018,2,r,2,r,2,r,16,p,,,,,,,,,,,,,,,,,,,,,,,,,,
15_10,15,10,m,17,08/28/21,02/02/23,w,n,10.25,10.27,77.8,76.8,34,.,34.2,.,w,1247018,1247019,2,r,2,r,2,r,16,p,76,p,p,,,,,,,,,,,,,,,,,,,,,,,
15_10,15,10,m,17,08/28/21,02/02/23,w,n,10.25,10.27,77.8,76.8,34,.,34.2,.,w,1247019,1248548,2,r,2,r,2,r,16,p,,,,,,,,,,,,,,,,,,,,,,,,,,
15_10,15,10,m,17,08/28/21,02/02/23,w,n,10.25,10.27,77.8,76.8,34,.,34.2,.,w,1248548,1248549,2,r,2,r,2,r,16,p,77,p,i,y,,,,y,,,,,,,,,,,,,,,,,,
15_10,15,10,m,17,08/28/21,02/02/23,w,n,10.25,10.27,77.8,76.8,34,.,34.2,.,w,1248549,1251370,2,r,2,r,2,r,16,p,,,,,,,,,,,,,,,,,,,,,,,,,,
15_10,15,10,m,17,08/28/21,02/02/23,w,n,10.25,10.27,77.8,76.8,34,.,34.2,.,w,1251370,1251371,2,r,2,r,2,r,16,p,78,p,p,,,,,,,,,,,,,,,,,,,,,,,
15_10,15,10,m,17,08/28/21,02/02/23,w,n,10.25,10.27,77.8,76.8,34,.,34.2,.,w,1251371,1252458,2,r,2,r,2,r,16,p,,,,,,,,,,,,,,,,,,,,,,,,,,
15_10,15,10,m,17,08/28/21,02/02/23,w,n,10.25,10.27,77.8,76.8,34,.,34.2,.,w,1252458,1252459,2,r,2,r,2,r,16,p,79,p,i,y,,,,y,,,,,,,,,,,,,,,,,,
15_10,15,10,m,17,08/28/21,02/02/23,w,n,10.25,10.27,77.8,76.8,34,.,34.2,.,w,1252459,1255008,2,r,2,r,2,r,16,p,,,,,,,,,,,,,,,,,,,,,,,,,,
15_10,15,10,m,17,08/28/21,02/02/23,w,n,10.25,10.27,77.8,76.8,34,.,34.2,.,w,1255008,1255009,2,r,2,r,2,r,16,p,80,p,p,,,,,,,,,,,,,,,,,,,,,,,
15_10,15,10,m,17,08/28/21,02/02/23,w,n,10.25,10.27,77.8,76.8,34,.,34.2,.,w,1255009,1255722,2,r,2,r,2,r,16,p,,,,,,,,,,,,,,,,,,,,,,,,,,
15_10,15,10,m,17,08/28/21,02/02/23,w,n,10.25,10.27,77.8,76.8,34,.,34.2,.,w,1255722,1255723,2,r,2,r,2,r,16,p,81,p,i,y,,,,y,,,,,,,,,,,,,,,,,,
15_10,15,10,m,17,08/28/21,02/02/23,w,n,10.25,10.27,77.8,76.8,34,.,34.2,.,w,1255723,1260890,2,r,2,r,2,r,16,p,,,,,,,,,,,,,,,,,,,,,,,,,,
15_10,15,10,m,17,08/28/21,02/02/23,w,n,10.25,10.27,77.8,76.8,34,.,34.2,.,w,1260890,1260891,2,r,2,r,2,r,16,p,82,p,o,,,,y,,,,,,,,,,,,,,,,,,,
15_10,15,10,m,17,08/28/21,02/02/23,w,n,10.25,10.27,77.8,76.8,34,.,34.2,.,w,1260891,1262352,2,r,2,r,2,r,16,p,,,,,,,,,,,,,,,,,,,,,,,,,,
15_10,15,10,m,17,08/28/21,02/02/23,w,n,10.25,10.27,77.8,76.8,34,.,34.2,.,w,1262352,1262353,2,r,2,r,2,r,16,p,83,p,i,y,,,,y,,,,,,,,,,,,,,,,,,
15_10,15,10,m,17,08/28/21,02/02/23,w,n,10.25,10.27,77.8,76.8,34,.,34.2,.,w,1262353,1270104,2,r,2,r,2,r,16,p,,,,,,,,,,,,,,,,,,,,,,,,,,
15_10,15,10,m,17,08/28/21,02/02/23,w,n,10.25,10.27,77.8,76.8,34,.,34.2,.,w,1270104,1270105,2,r,2,r,2,r,16,p,84,p,t,y,,,,,,,,,,,,,,,,,,,,,,
15_10,15,10,m,17,08/28/21,02/02/23,w,n,10.25,10.27,77.8,76.8,34,.,34.2,.,w,1270105,1272416,2,r,2,r,2,r,16,p,,,,,,,,,,,,,,,,,,,,,,,,,,
15_10,15,10,m,17,08/28/21,02/02/23,w,n,10.25,10.27,77.8,76.8,34,.,34.2,.,w,1272416,1272417,2,r,2,r,2,r,16,p,85,p,o,,,,y,,,,,,,,,,,,,,,,,,,
15_10,15,10,m,17,08/28/21,02/02/23,w,n,10.25,10.27,77.8,76.8,34,.,34.2,.,w,1272417,1272418,2,r,2,r,2,r,16,p,86,h,,,,,,,,,,,,,,,,,,,,,,,,
15_10,15,10,m,17,08/28/21,02/02/23,w,n,10.25,10.27,77.8,76.8,34,.,34.2,.,w,1272418,1276156,2,r,2,r,2,r,16,p,,,,,,,,,,,,,,,,,,,,,,,,,,
15_10,15,10,m,17,08/28/21,02/02/23,w,n,10.25,10.27,77.8,76.8,34,.,34.2,.,w,1276156,1276157,2,r,2,r,2,r,16,p,87,p,i,y,,,,y,,,,,,,,,,,,,,,,,,
15_10,15,10,m,17,08/28/21,02/02/23,w,n,10.25,10.27,77.8,76.8,34,.,34.2,.,w,1276157,1280746,2,r,2,r,2,r,16,p,,,,,,,,,,,,,,,,,,,,,,,,,,
15_10,15,10,m,17,08/28/21,02/02/23,w,n,10.25,10.27,77.8,76.8,34,.,34.2,.,w,1280746,1280747,2,r,2,r,2,r,16,p,88,p,i,y,,,,y,,,,,,,,,,,,,,,,,,
15_10,15,10,m,17,08/28/21,02/02/23,w,n,10.25,10.27,77.8,76.8,34,.,34.2,.,w,1280747,1287546,2,r,2,r,2,r,16,p,,,,,,,,,,,,,,,,,,,,,,,,,,
15_10,15,10,m,17,08/28/21,02/02/23,w,n,10.25,10.27,77.8,76.8,34,.,34.2,.,w,1287546,1287547,2,r,2,r,2,r,16,p,89,p,p,,,,,,,,,,,,,,,,,,,,,,,
15_10,15,10,m,17,08/28/21,02/02/23,w,n,10.25,10.27,77.8,76.8,34,.,34.2,.,w,1287547,1289144,2,r,2,r,2,r,16,p,,,,,,,,,,,,,,,,,,,,,,,,,,
15_10,15,10,m,17,08/28/21,02/02/23,w,n,10.25,10.27,77.8,76.8,34,.,34.2,.,w,1289144,1289145,2,r,2,r,2,r,16,p,90,p,t,,,,,,,,,y,,,,,,,,,,,,,,
15_10,15,10,m,17,08/28/21,02/02/23,w,n,10.25,10.27,77.8,76.8,34,.,34.2,.,w,1289145,1291184,2,r,2,r,2,r,16,p,,,,,,,,,,,,,,,,,,,,,,,,,,
15_10,15,10,m,17,08/28/21,02/02/23,w,n,10.25,10.27,77.8,76.8,34,.,34.2,.,w,1291184,1291185,2,r,2,r,2,r,16,p,91,p,t,,,,,,,,y,,,,,,,,,,,,,,,
15_10,15,10,m,17,08/28/21,02/02/23,w,n,10.25,10.27,77.8,76.8,34,.,34.2,.,w,1291185,1293530,2,r,2,r,2,r,16,p,,,,,,,,,,,,,,,,,,,,,,,,,,
15_10,15,10,m,17,08/28/21,02/02/23,w,n,10.25,10.27,77.8,76.8,34,.,34.2,.,w,1293530,1293531,2,r,2,r,2,r,16,p,92,p,o,,,,y,,,,,,,,,,,,,,,,,,,
15_10,15,10,m,17,08/28/21,02/02/23,w,n,10.25,10.27,77.8,76.8,34,.,34.2,.,w,1293531,1293532,2,r,2,r,2,r,16,p,93,p,h,,,,,,,,,,,,,,,,,,,,,,,
15_10,15,10,m,17,08/28/21,02/02/23,w,n,10.25,10.27,77.8,76.8,34,.,34.2,.,w,1293532,1294346,2,r,2,r,2,r,16,p,,,,,,,,,,,,,,,,,,,,,,,,,,
15_10,15,10,m,17,08/28/21,02/02/23,w,n,10.25,10.27,77.8,76.8,34,.,34.2,.,w,1294346,1294347,2,r,2,r,2,r,16,p,94,p,d,,,,,,,,,,,,,,,,,,,,,,,
15_10,15,10,m,17,08/28/21,02/02/23,w,n,10.25,10.27,77.8,76.8,34,.,34.2,.,w,1294347,1297984,2,r,2,r,2,r,16,p,,,,,,,,,,,,,,,,,,,,,,,,,,
15_10,15,10,m,17,08/28/21,02/02/23,w,n,10.25,10.27,77.8,76.8,34,.,34.2,.,w,1297984,1297985,2,r,2,r,2,r,16,p,95,p,i,y,,,,y,,,,,,,,,,,,,,,,,,
15_10,15,10,m,17,08/28/21,02/02/23,w,n,10.25,10.27,77.8,76.8,34,.,34.2,.,w,1297985,1298018,2,r,2,r,2,r,16,p,,,,,,,,,,,,,,,,,,,,,,,,,,
15_10,15,10,m,17,08/28/21,02/02/23,w,n,10.25,10.27,77.8,76.8,34,.,34.2,.,w,1298018,1298019,2,r,2,r,2,r,16,p,96,p,d,,,,,,,,,,,,,,,,,,,,,,,
15_10,15,10,m,17,08/28/21,02/02/23,w,n,10.25,10.27,77.8,76.8,34,.,34.2,.,w,1298019,1301214,2,r,2,r,2,r,16,p,,,,,,,,,,,,,,,,,,,,,,,,,,
15_10,15,10,m,17,08/28/21,02/02/23,w,n,10.25,10.27,77.8,76.8,34,.,34.2,.,w,1301214,1301215,2,r,2,r,2,r,16,p,97,p,i,y,,,,y,,,,,,,,,,,,,,,,,,
15_10,15,10,m,17,08/28/21,02/02/23,w,n,10.25,10.27,77.8,76.8,34,.,34.2,.,w,1301215,1305804,2,r,2,r,2,r,16,p,,,,,,,,,,,,,,,,,,,,,,,,,,
15_10,15,10,m,17,08/28/21,02/02/23,w,n,10.25,10.27,77.8,76.8,34,.,34.2,.,w,1305804,1305805,2,r,2,r,2,r,16,p,98,p,p,,,,,,,,,,,,,,,,,,,,,,,
15_10,15,10,m,17,08/28/21,02/02/23,w,n,10.25,10.27,77.8,76.8,34,.,34.2,.,w,1305805,1307810,2,r,2,r,2,r,16,p,,,,,,,,,,,,,,,,,,,,,,,,,,
15_10,15,10,m,17,08/28/21,02/02/23,w,n,10.25,10.27,77.8,76.8,34,.,34.2,.,w,1307810,1307811,2,r,2,r,2,r,16,p,99,p,i,,,,,,,,,,,,,,,,,,,,,,,
15_10,15,10,m,17,08/28/21,02/02/23,w,n,10.25,10.27,77.8,76.8,34,.,34.2,.,w,1307811,1314780,2,r,2,r,2,r,16,p,,,,,,,,,,,,,,,,,,,,,,,,,,
15_10,15,10,m,17,08/28/21,02/02/23,w,n,10.25,10.27,77.8,76.8,34,.,34.2,.,w,1314780,1314781,2,r,2,r,2,r,16,p,100,p,h,,,,,,,,,,,,,,,,,,,,,,,
15_10,15,10,m,17,08/28/21,02/02/23,w,n,10.25,10.27,77.8,76.8,34,.,34.2,.,w,1314781,1317500,2,r,2,r,2,r,16,p,,,,,,,,,,,,,,,,,,,,,,,,,,
15_10,15,10,m,17,08/28/21,02/02/23,w,n,10.25,10.27,77.8,76.8,34,.,34.2,.,w,1317500,1317501,2,r,2,r,2,r,16,p,101,p,t,,,,,,,,,,,,,,,,,,,,,,,
15_10,15,10,m,17,08/28/21,02/02/23,w,n,10.25,10.27,77.8,76.8,34,.,34.2,.,w,1317501,1317874,2,r,2,r,2,r,16,p,,,,,,,,,,,,,,,,,,,,,,,,,,
15_10,15,10,m,17,08/28/21,02/02/23,w,n,10.25,10.27,77.8,76.8,34,.,34.2,.,w,1317874,1317875,2,r,2,r,2,r,16,p,102,p,d,,,,,,,,,,,,,,,,,,,,,,,
15_10,15,10,m,17,08/28/21,02/02/23,w,n,10.25,10.27,77.8,76.8,34,.,34.2,.,w,1317875,1319438,2,r,2,r,2,r,16,p,,,,,,,,,,,,,,,,,,,,,,,,,,
15_10,15,10,m,17,08/28/21,02/02/23,w,n,10.25,10.27,77.8,76.8,34,.,34.2,.,w,1319438,1319439,2,r,2,r,2,r,16,p,103,p,o,,,,y,,,,,,,,,,,,,,,,,,,
15_10,15,10,m,17,08/28/21,02/02/23,w,n,10.25,10.27,77.8,76.8,34,.,34.2,.,w,1319439,1319440,2,r,2,r,2,r,16,p,104,p,h,,,,,,,,,,,,,,,,,,,,,,,
15_10,15,10,m,17,08/28/21,02/02/23,w,n,10.25,10.27,77.8,76.8,34,.,34.2,.,w,1319440,1323212,2,r,2,r,2,r,16,p,,,,,,,,,,,,,,,,,,,,,,,,,,
15_10,15,10,m,17,08/28/21,02/02/23,w,n,10.25,10.27,77.8,76.8,34,.,34.2,.,w,1323212,1323213,2,r,2,r,2,r,16,p,105,p,d,,,,,,,,,,,,,,,,,,,,,,,
15_10,15,10,m,17,08/28/21,02/02/23,w,n,10.25,10.27,77.8,76.8,34,.,34.2,.,w,1323213,1324300,2,r,2,r,2,r,16,p,,,,,,,,,,,,,,,,,,,,,,,,,,
15_10,15,10,m,17,08/28/21,02/02/23,w,n,10.25,10.27,77.8,76.8,34,.,34.2,.,w,1324300,1324301,2,r,2,r,2,r,16,p,106,p,p,,,,,,,,,,,,,,,,,,,,,,,
15_10,15,10,m,17,08/28/21,02/02/23,w,n,10.25,10.27,77.8,76.8,34,.,34.2,.,w,1324301,1324776,2,r,2,r,2,r,16,p,,,,,,,,,,,,,,,,,,,,,,,,,,
15_10,15,10,m,17,08/28/21,02/02/23,w,n,10.25,10.27,77.8,76.8,34,.,34.2,.,w,1324776,1324777,2,r,2,r,2,r,16,p,107,p,i,y,,,,y,,,,,,,,,,,,,,,,,,
15_10,15,10,m,17,08/28/21,02/02/23,w,n,10.25,10.27,77.8,76.8,34,.,34.2,.,w,1324777,1330216,2,r,2,r,2,r,16,p,,,,,,,,,,,,,,,,,,,,,,,,,,
15_10,15,10,m,17,08/28/21,02/02/23,w,n,10.25,10.27,77.8,76.8,34,.,34.2,.,w,1330216,1330217,2,r,2,r,2,r,16,p,108,p,i,y,,,,y,,,,,,,,,,,,,,,,,,
15_10,15,10,m,17,08/28/21,02/02/23,w,n,10.25,10.27,77.8,76.8,34,.,34.2,.,w,1330217,1339430,2,r,2,r,2,r,16,p,,,,,,,,,,,,,,,,,,,,,,,,,,
15_10,15,10,m,17,08/28/21,02/02/23,w,n,10.25,10.27,77.8,76.8,34,.,34.2,.,w,1339430,1339431,2,r,2,r,2,r,16,p,109,p,o,,,,y,,,,,,,,,,,,,,,,,,,
15_10,15,10,m,17,08/28/21,02/02/23,w,n,10.25,10.27,77.8,76.8,34,.,34.2,.,w,1339431,1341062,2,r,2,r,2,r,16,p,,,,,,,,,,,,,,,,,,,,,,,,,,
15_10,15,10,m,17,08/28/21,02/02/23,w,n,10.25,10.27,77.8,76.8,34,.,34.2,.,w,1341062,1341063,2,r,2,r,2,r,16,p,110,p,i,y,,,,y,,,,,,,,,,,,,,,,,,
15_10,15,10,m,17,08/28/21,02/02/23,w,n,10.25,10.27,77.8,76.8,34,.,34.2,.,w,1341063,1350038,2,r,2,r,2,r,16,p,,,,,,,,,,,,,,,,,,,,,,,,,,
15_10,15,10,m,17,08/28/21,02/02/23,w,n,10.25,10.27,77.8,76.8,34,.,34.2,.,w,1350038,1350039,2,r,2,r,2,r,16,p,111,p,o,,,,y,,,,,,,,,,,,,,,,,,,
15_10,15,10,m,17,08/28/21,02/02/23,w,n,10.25,10.27,77.8,76.8,34,.,34.2,.,w,1350039,1351228,2,r,2,r,2,r,16,p,,,,,,,,,,,,,,,,,,,,,,,,,,
15_10,15,10,m,17,08/28/21,02/02/23,w,n,10.25,10.27,77.8,76.8,34,.,34.2,.,w,1351228,1351229,2,r,2,r,2,r,16,p,112,p,i,y,,,y,,,,,,,,,,,,,,,,,,,
15_10,15,10,m,17,08/28/21,02/02/23,w,n,10.25,10.27,77.8,76.8,34,.,34.2,.,w,1351229,1359184,2,r,2,r,2,r,16,p,,,,,,,,,,,,,,,,,,,,,,,,,,
15_10,15,10,m,17,08/28/21,02/02/23,w,n,10.25,10.27,77.8,76.8,34,.,34.2,.,w,1359184,1359185,2,r,2,r,2,r,16,p,113,p,o,,,,y,,,,,,,,,,,,,,,,,,,
15_10,15,10,m,17,08/28/21,02/02/23,w,n,10.25,10.27,77.8,76.8,34,.,34.2,.,w,1359185,1365950,2,r,2,r,2,r,16,p,,,,,,,,,,,,,,,,,,,,,,,,,,
15_10,15,10,m,17,08/28/21,02/02/23,w,n,10.25,10.27,77.8,76.8,34,.,34.2,.,w,1365950,1365951,2,r,2,r,2,r,16,p,114,p,s,y,,,,,,,,,,,,,,,,,,,,,,
15_10,15,10,m,17,08/28/21,02/02/23,w,n,10.25,10.27,77.8,76.8,34,.,34.2,.,w,1365951,1374552,2,r,2,r,2,r,16,p,,,,,,,,,,,,,,,,,,,,,,,,,,
15_10,15,10,m,17,08/28/21,02/02/23,w,n,10.25,10.27,77.8,76.8,34,.,34.2,.,w,1374552,1374553,2,r,2,r,2,r,16,p,115,p,d,,,,,,,,,,,,,,,,,,,,,,,
15_10,15,10,m,17,08/28/21,02/02/23,w,n,10.25,10.27,77.8,76.8,34,.,34.2,.,w,1374553,1375776,2,r,2,r,2,r,16,p,,,,,,,,,,,,,,,,,,,,,,,,,,
15_10,15,10,m,17,08/28/21,02/02/23,w,n,10.25,10.27,77.8,76.8,34,.,34.2,.,w,1375776,1375777,2,r,2,r,2,r,16,p,116,p,p,,,,,,,,,,,,,,,,,,,,,,,
15_10,15,10,m,17,08/28/21,02/02/23,w,n,10.25,10.27,77.8,76.8,34,.,34.2,.,w,1375777,1375778,2,r,2,r,2,r,16,p,117,p,h,,,,,,,,,,,,,,,,,,,,,,,
15_10,15,10,m,17,08/28/21,02/02/23,w,n,10.25,10.27,77.8,76.8,34,.,34.2,.,w,1375778,1379720,2,r,2,r,2,r,16,p,,,,,,,,,,,,,,,,,,,,,,,,,,
15_10,15,10,m,17,08/28/21,02/02/23,w,n,10.25,10.27,77.8,76.8,34,.,34.2,.,w,1379720,1379721,2,r,2,r,2,r,16,p,118,p,d,,,,,,,,,,,,,,,,,,,,,,,
15_10,15,10,m,17,08/28/21,02/02/23,w,n,10.25,10.27,77.8,76.8,34,.,34.2,.,w,1379721,1433542,2,r,2,r,2,r,,,,,,,,,,,,,,,,,,,,,,,,,,,,
15_10,15,10,m,17,08/28/21,02/02/23,w,n,10.25,10.27,77.8,76.8,34,.,34.2,.,w,1433542,1433543,2,r,2,r,2,r,17,p,119,p,p,,,,,,,,,,,,,,,,,,,,,,,
15_10,15,10,m,17,08/28/21,02/02/23,w,n,10.25,10.27,77.8,76.8,34,.,34.2,.,w,1433543,1433544,2,r,2,r,2,r,17,p,120,p,h,,,,,,,,,,,,,,,,,,,,,,,
15_10,15,10,m,17,08/28/21,02/02/23,w,n,10.25,10.27,77.8,76.8,34,.,34.2,.,w,1433544,1435242,2,r,2,r,2,r,17,p,,,,,,,,,,,,,,,,,,,,,,,,,,
15_10,15,10,m,17,08/28/21,02/02/23,w,n,10.25,10.27,77.8,76.8,34,.,34.2,.,w,1435242,1435243,2,r,2,r,2,r,17,p,121,p,p,,,,,,,,,,,,,,,,,,,,,,,
15_10,15,10,m,17,08/28/21,02/02/23,w,n,10.25,10.27,77.8,76.8,34,.,34.2,.,w,1435243,1439458,2,r,2,r,2,r,17,p,,,,,,,,,,,,,,,,,,,,,,,,,,
15_10,15,10,m,17,08/28/21,02/02/23,w,n,10.25,10.27,77.8,76.8,34,.,34.2,.,w,1439458,1440615,2,r,2,r,2,r,17,p,122,p,s,y,,,,,,,,,,,,,,,,,,,,,,
15_10,15,10,m,17,08/28/21,02/02/23,w,n,10.25,10.27,77.8,76.8,34,.,34.2,.,w,1440615,1445443,2,r,2,r,2,r,17,p,,,,,,,,,,,,,,,,,,,,,,,,,,
15_10,15,10,m,17,08/28/21,02/02/23,w,n,10.25,10.27,77.8,76.8,34,.,34.2,.,w,1445443,1445444,2,r,2,r,2,r,17,p,123,p,d,,,,,,,,,,,,,,,,,,,,,,,
15_10,15,10,m,17,08/28/21,02/02/23,w,n,10.25,10.27,77.8,76.8,34,.,34.2,.,w,1445444,1449591,2,r,2,r,2,r,17,p,,,,,,,,,,,,,,,,,,,,,,,,,,
15_10,15,10,m,17,08/28/21,02/02/23,w,n,10.25,10.27,77.8,76.8,34,.,34.2,.,w,1449591,1449592,2,r,2,r,2,r,17,p,124,p,d,,,,,,,,,,,,,,,,,,,,,,,
15_10,15,10,m,17,08/28/21,02/02/23,w,n,10.25,10.27,77.8,76.8,34,.,34.2,.,w,1449592,1452956,2,r,2,r,2,r,17,p,,,,,,,,,,,,,,,,,,,,,,,,,,
15_10,15,10,m,17,08/28/21,02/02/23,w,n,10.25,10.27,77.8,76.8,34,.,34.2,.,w,1452956,1452957,2,r,2,r,2,r,17,p,125,p,o,,,,y,,,,,,,,,,,,,,,,,,,
15_10,15,10,m,17,08/28/21,02/02/23,w,n,10.25,10.27,77.8,76.8,34,.,34.2,.,w,1452957,1456662,2,r,2,r,2,r,17,p,,,,,,,,,,,,,,,,,,,,,,,,,,
15_10,15,10,m,17,08/28/21,02/02/23,w,n,10.25,10.27,77.8,76.8,34,.,34.2,.,w,1456662,1456663,2,r,2,r,2,r,17,p,126,p,d,,,,,,,,,,,,,,,,,,,,,,,
15_10,15,10,m,17,08/28/21,02/02/23,w,n,10.25,10.27,77.8,76.8,34,.,34.2,.,w,1456663,1461524,2,r,2,r,2,r,17,p,,,,,,,,,,,,,,,,,,,,,,,,,,
15_10,15,10,m,17,08/28/21,02/02/23,w,n,10.25,10.27,77.8,76.8,34,.,34.2,.,w,1461524,1461525,2,r,2,r,2,r,17,p,127,p,t,y,,,,,,,,y,,,,,,,,,,,,,,
15_10,15,10,m,17,08/28/21,02/02/23,w,n,10.25,10.27,77.8,76.8,34,.,34.2,.,w,1461525,1464448,2,r,2,r,2,r,17,p,,,,,,,,,,,,,,,,,,,,,,,,,,
15_10,15,10,m,17,08/28/21,02/02/23,w,n,10.25,10.27,77.8,76.8,34,.,34.2,.,w,1464448,1464449,2,r,2,r,2,r,17,p,128,p,t,y,,,,,,,y,,,,,,,,,,,,,,,
15_10,15,10,m,17,08/28/21,02/02/23,w,n,10.25,10.27,77.8,76.8,34,.,34.2,.,w,1464449,1468766,2,r,2,r,2,r,17,p,,,,,,,,,,,,,,,,,,,,,,,,,,
15_10,15,10,m,17,08/28/21,02/02/23,w,n,10.25,10.27,77.8,76.8,34,.,34.2,.,w,1468766,1468767,2,r,2,r,2,r,17,p,129,p,t,y,,,,,,,,y,,,,,,,,,,,,,,
15_10,15,10,m,17,08/28/21,02/02/23,w,n,10.25,10.27,77.8,76.8,34,.,34.2,.,w,1468767,1469888,2,r,2,r,2,r,17,p,,,,,,,,,,,,,,,,,,,,,,,,,,
15_10,15,10,m,17,08/28/21,02/02/23,w,n,10.25,10.27,77.8,76.8,34,.,34.2,.,w,1469888,1469889,2,r,2,r,2,r,17,p,130,p,t,y,,,,,,,y,,,,,,,,,,,,,,,
15_10,15,10,m,17,08/28/21,02/02/23,w,n,10.25,10.27,77.8,76.8,34,.,34.2,.,w,1469889,1471520,2,r,2,r,2,r,17,p,,,,,,,,,,,,,,,,,,,,,,,,,,
15_10,15,10,m,17,08/28/21,02/02/23,w,n,10.25,10.27,77.8,76.8,34,.,34.2,.,w,1471520,1471521,2,r,2,r,2,r,17,p,131,p,p,,,,,,,,,,,,,,,,,,,,,,,
15_10,15,10,m,17,08/28/21,02/02/23,w,n,10.25,10.27,77.8,76.8,34,.,34.2,.,w,1471521,1471894,2,r,2,r,2,r,17,p,,,,,,,,,,,,,,,,,,,,,,,,,,
15_10,15,10,m,17,08/28/21,02/02/23,w,n,10.25,10.27,77.8,76.8,34,.,34.2,.,w,1471894,1471895,2,r,2,r,2,r,17,p,132,p,i,,,,,y,,,,,,,,,,,,,,,,,,
15_10,15,10,m,17,08/28/21,02/02/23,w,n,10.25,10.27,77.8,76.8,34,.,34.2,.,w,1471895,1475056,2,r,2,r,2,r,17,p,,,,,,,,,,,,,,,,,,,,,,,,,,
15_10,15,10,m,17,08/28/21,02/02/23,w,n,10.25,10.27,77.8,76.8,34,.,34.2,.,w,1475056,1475057,2,r,2,r,2,r,17,p,133,p,p,,,,,,,,,,,,,,,,,,,,,,,
15_10,15,10,m,17,08/28/21,02/02/23,w,n,10.25,10.27,77.8,76.8,34,.,34.2,.,w,1475057,1475396,2,r,2,r,2,r,17,p,,,,,,,,,,,,,,,,,,,,,,,,,,
15_10,15,10,m,17,08/28/21,02/02/23,w,n,10.25,10.27,77.8,76.8,34,.,34.2,.,w,1475396,1475397,2,r,2,r,2,r,17,p,134,p,i,,,,,y,,,,,,,,,,,,,,,,,,
15_10,15,10,m,17,08/28/21,02/02/23,w,n,10.25,10.27,77.8,76.8,34,.,34.2,.,w,1475397,1477810,2,r,2,r,2,r,17,p,,,,,,,,,,,,,,,,,,,,,,,,,,
15_10,15,10,m,17,08/28/21,02/02/23,w,n,10.25,10.27,77.8,76.8,34,.,34.2,.,w,1477810,1477811,2,r,2,r,2,r,17,p,135,p,p,,,,,,,,,,,,,,,,,,,,,,,
15_10,15,10,m,17,08/28/21,02/02/23,w,n,10.25,10.27,77.8,76.8,34,.,34.2,.,w,1477811,1480394,2,r,2,r,2,r,17,p,,,,,,,,,,,,,,,,,,,,,,,,,,
15_10,15,10,m,17,08/28/21,02/02/23,w,n,10.25,10.27,77.8,76.8,34,.,34.2,.,w,1480394,1480395,2,r,2,r,2,r,17,p,136,p,i,,,,,y,,,,,,,,,,,,,,,,,,
15_10,15,10,m,17,08/28/21,02/02/23,w,n,10.25,10.27,77.8,76.8,34,.,34.2,.,w,1480395,1482740,2,r,2,r,2,r,17,p,,,,,,,,,,,,,,,,,,,,,,,,,,
15_10,15,10,m,17,08/28/21,02/02/23,w,n,10.25,10.27,77.8,76.8,34,.,34.2,.,w,1482740,1482741,2,r,2,r,2,r,17,p,137,p,p,,,,,,,,,,,,,,,,,,,,,,,
15_10,15,10,m,17,08/28/21,02/02/23,w,n,10.25,10.27,77.8,76.8,34,.,34.2,.,w,1482741,1483896,2,r,2,r,2,r,17,p,,,,,,,,,,,,,,,,,,,,,,,,,,
15_10,15,10,m,17,08/28/21,02/02/23,w,n,10.25,10.27,77.8,76.8,34,.,34.2,.,w,1483896,1483897,2,r,2,r,2,r,17,p,138,p,i,,,,,y,,,,,,,,,,,,,,,,,,
15_10,15,10,m,17,08/28/21,02/02/23,w,n,10.25,10.27,77.8,76.8,34,.,34.2,.,w,1483897,1486888,2,r,2,r,2,r,,,,,,,,,,,,,,,,,,,,,,,,,,,,
15_10,15,10,m,17,08/28/21,02/02/23,w,n,10.25,10.27,77.8,76.8,34,.,34.2,.,w,1486888,1675554,,,,,,,,,,,,,,,,,,,,,,,,,,,,,,,,,,
15_10,15,10,m,17,08/28/21,02/02/23,w,n,10.25,10.27,77.8,76.8,34,.,34.2,.,w,1675554,2059516,3,b,,,,,,,,,,,,,,,,,,,,,,,,,,,,,,,,
15_10,15,10,m,17,08/28/21,02/02/23,w,n,10.25,10.27,77.8,76.8,34,.,34.2,.,w,2059516,2079848,,,,,,,,,,,,,,,,,,,,,,,,,,,,,,,,,,
15_10,15,10,m,17,08/28/21,02/02/23,w,n,10.25,10.27,77.8,76.8,34,.,34.2,.,w,2079848,2256818,4,g,,,,,,,,,,,,,,,,,,,,,,,,,,,,,,,,
15_10,15,10,m,17,08/28/21,02/02/23,w,n,10.25,10.27,77.8,76.8,34,.,34.2,.,w,2256818,2461090,,,,,,,,,,,,,,,,,,,,,,,,,,,,,,,,,,
15_10,15,10,m,17,08/28/21,02/02/23,w,n,10.25,10.27,77.8,76.8,34,.,34.2,.,w,2461090,2607834,5,m,,,,,,,,,,,,,,,,,,,,,,,,,,,,,,,,
29_07,29,07,f,13,01/19/22,02/24/23,m,h,11.13,11.14,76.1,77.2,34.4,34.4,34.2,34.4,c,176392,784550,1,p,1,p,1,p,,,,,,,,,,,,,,,,,,,,,,,,,,,,
29_07,29,07,f,13,01/19/22,02/24/23,m,h,11.13,11.14,76.1,77.2,34.4,34.4,34.2,34.4,c,784550,869550,,,,,,,,,,,,,,,,,,,,,,,,,,,,,,,,,,
29_07,29,07,f,13,01/19/22,02/24/23,m,h,11.13,11.14,76.1,77.2,34.4,34.4,34.2,34.4,c,869550,893588,2,r,2,r,2,r,,,,,,,,,,,,,,,,,,,,,,,,,,,,
29_07,29,07,f,13,01/19/22,02/24/23,m,h,11.13,11.14,76.1,77.2,34.4,34.4,34.2,34.4,c,893588,893589,2,r,2,r,2,r,1,rb,1,rb,p,,,,,,,,,,,,,,,,,,,,,,,
29_07,29,07,f,13,01/19/22,02/24/23,m,h,11.13,11.14,76.1,77.2,34.4,34.4,34.2,34.4,c,893589,893590,2,r,2,r,2,r,1,rb,2,rb,c,,,,,,,,,,,,,,,,,,,,,,,
29_07,29,07,f,13,01/19/22,02/24/23,m,h,11.13,11.14,76.1,77.2,34.4,34.4,34.2,34.4,c,893590,912357,2,r,2,r,2,r,1,rb,,,,,,,,,,,,,,,,,,,,,,,,,,
29_07,29,07,f,13,01/19/22,02/24/23,m,h,11.13,11.14,76.1,77.2,34.4,34.4,34.2,34.4,c,912357,917626,2,r,2,r,2,r,,,,,,,,,,,,,,,,,,,,,,,,,,,,
29_07,29,07,f,13,01/19/22,02/24/23,m,h,11.13,11.14,76.1,77.2,34.4,34.4,34.2,34.4,c,917626,917627,2,r,2,r,2,r,2,rb,3,rb,p,,,,,,,,,,,,,,,,,,,,,,,
29_07,29,07,f,13,01/19/22,02/24/23,m,h,11.13,11.14,76.1,77.2,34.4,34.4,34.2,34.4,c,917627,917628,2,r,2,r,2,r,2,rb,4,rb,c,,,,,,,,,,,,,,,,,,,,,,,
29_07,29,07,f,13,01/19/22,02/24/23,m,h,11.13,11.14,76.1,77.2,34.4,34.4,34.2,34.4,c,917628,935376,2,r,2,r,2,r,2,rb,,,,,,,,,,,,,,,,,,,,,,,,,,
29_07,29,07,f,13,01/19/22,02/24/23,m,h,11.13,11.14,76.1,77.2,34.4,34.4,34.2,34.4,c,935376,939284,2,r,2,r,2,r,,,,,,,,,,,,,,,,,,,,,,,,,,,,
29_07,29,07,f,13,01/19/22,02/24/23,m,h,11.13,11.14,76.1,77.2,34.4,34.4,34.2,34.4,c,939284,939285,2,r,2,r,2,r,3,bu,5,bu,p,,,,,,,,,,,,,,,,,,,,,,,
29_07,29,07,f,13,01/19/22,02/24/23,m,h,11.13,11.14,76.1,77.2,34.4,34.4,34.2,34.4,c,939285,946662,2,r,2,r,2,r,3,bu,,,,,,,,,,,,,,,,,,,,,,,,,,
29_07,29,07,f,13,01/19/22,02/24/23,m,h,11.13,11.14,76.1,77.2,34.4,34.4,34.2,34.4,c,946662,946663,2,r,2,r,2,r,3,bu,6,bu,o,,,,y,,,,,,,,,,,,,,,,,,,
29_07,29,07,f,13,01/19/22,02/24/23,m,h,11.13,11.14,76.1,77.2,34.4,34.4,34.2,34.4,c,946663,946664,2,r,2,r,2,r,3,bu,7,bu,h,,,,,,,,,,,,,,,,,,,,,,,
29_07,29,07,f,13,01/19/22,02/24/23,m,h,11.13,11.14,76.1,77.2,34.4,34.4,34.2,34.4,c,946664,947206,2,r,2,r,2,r,3,bu,,,,,,,,,,,,,,,,,,,,,,,,,,
29_07,29,07,f,13,01/19/22,02/24/23,m,h,11.13,11.14,76.1,77.2,34.4,34.4,34.2,34.4,c,947206,947207,2,r,2,r,2,r,3,bu,8,bu,d,,,,,,,,,,,,,,,,,,,,,,,
29_07,29,07,f,13,01/19/22,02/24/23,m,h,11.13,11.14,76.1,77.2,34.4,34.4,34.2,34.4,c,947207,952646,2,r,2,r,2,r,3,bu,,,,,,,,,,,,,,,,,,,,,,,,,,
29_07,29,07,f,13,01/19/22,02/24/23,m,h,11.13,11.14,76.1,77.2,34.4,34.4,34.2,34.4,c,952646,952647,2,r,2,r,2,r,3,bu,9,bu,o,,,,y,,,,,,,,,,,,,,,,,,,
29_07,29,07,f,13,01/19/22,02/24/23,m,h,11.13,11.14,76.1,77.2,34.4,34.4,34.2,34.4,c,952647,952648,2,r,2,r,2,r,3,bu,10,bu,h,,,,,,,,,,,,,,,,,,,,,,,
29_07,29,07,f,13,01/19/22,02/24/23,m,h,11.13,11.14,76.1,77.2,34.4,34.4,34.2,34.4,c,952648,958018,2,r,2,r,2,r,3,bu,,,,,,,,,,,,,,,,,,,,,,,,,,
29_07,29,07,f,13,01/19/22,02/24/23,m,h,11.13,11.14,76.1,77.2,34.4,34.4,34.2,34.4,c,958018,958019,2,r,2,r,2,r,3,bu,11,bu,d,,,,,,,,,,,,,,,,,,,,,,,
29_07,29,07,f,13,01/19/22,02/24/23,m,h,11.13,11.14,76.1,77.2,34.4,34.4,34.2,34.4,c,958019,967096,2,r,2,r,2,r,3,bu,,,,,,,,,,,,,,,,,,,,,,,,,,
29_07,29,07,f,13,01/19/22,02/24/23,m,h,11.13,11.14,76.1,77.2,34.4,34.4,34.2,34.4,c,967096,967097,2,r,2,r,2,r,3,bu,12,bu,o,,,,y,,,,,,,,,,,,,,,,,,,
29_07,29,07,f,13,01/19/22,02/24/23,m,h,11.13,11.14,76.1,77.2,34.4,34.4,34.2,34.4,c,967097,967098,2,r,2,r,2,r,3,bu,13,bu,h,,,,,,,,,,,,,,,,,,,,,,,
29_07,29,07,f,13,01/19/22,02/24/23,m,h,11.13,11.14,76.1,77.2,34.4,34.4,34.2,34.4,c,967098,985184,2,r,2,r,2,r,3,bu,,,,,,,,,,,,,,,,,,,,,,,,,,
29_07,29,07,f,13,01/19/22,02/24/23,m,h,11.13,11.14,76.1,77.2,34.4,34.4,34.2,34.4,c,985184,985185,2,r,2,r,2,r,3,bu,14,bu,th,,,,,,,,,,,,,,,,,,,,,,,
29_07,29,07,f,13,01/19/22,02/24/23,m,h,11.13,11.14,76.1,77.2,34.4,34.4,34.2,34.4,c,985185,989502,2,r,2,r,2,r,3,bu,,,,,,,,,,,,,,,,,,,,,,,,,,
29_07,29,07,f,13,01/19/22,02/24/23,m,h,11.13,11.14,76.1,77.2,34.4,34.4,34.2,34.4,c,989502,989503,2,r,2,r,2,r,3,bu,15,bu,o,,,,y,,,,,,,,,,,,,,,,,,,
29_07,29,07,f,13,01/19/22,02/24/23,m,h,11.13,11.14,76.1,77.2,34.4,34.4,34.2,34.4,c,989503,990692,2,r,2,r,2,r,3,bu,,,,,,,,,,,,,,,,,,,,,,,,,,
29_07,29,07,f,13,01/19/22,02/24/23,m,h,11.13,11.14,76.1,77.2,34.4,34.4,34.2,34.4,c,990692,990693,2,r,2,r,2,r,3,bu,16,bu,d,,,,,,,,,,,,,,,,,,,,,,,
29_07,29,07,f,13,01/19/22,02/24/23,m,h,11.13,11.14,76.1,77.2,34.4,34.4,34.2,34.4,c,990693,995928,2,r,2,r,2,r,3,bu,,,,,,,,,,,,,,,,,,,,,,,,,,
29_07,29,07,f,13,01/19/22,02/24/23,m,h,11.13,11.14,76.1,77.2,34.4,34.4,34.2,34.4,c,995928,995929,2,r,2,r,2,r,3,bu,17,bu,o,,,,y,,,,,,,,,,,,,,,,,,,
29_07,29,07,f,13,01/19/22,02/24/23,m,h,11.13,11.14,76.1,77.2,34.4,34.4,34.2,34.4,c,995929,996642,2,r,2,r,2,r,3,bu,,,,,,,,,,,,,,,,,,,,,,,,,,
29_07,29,07,f,13,01/19/22,02/24/23,m,h,11.13,11.14,76.1,77.2,34.4,34.4,34.2,34.4,c,996642,996643,2,r,2,r,2,r,3,bu,18,bu,d,,,,,,,,,,,,,,,,,,,,,,,
29_07,29,07,f,13,01/19/22,02/24/23,m,h,11.13,11.14,76.1,77.2,34.4,34.4,34.2,34.4,c,996643,999022,2,r,2,r,2,r,3,bu,,,,,,,,,,,,,,,,,,,,,,,,,,
29_07,29,07,f,13,01/19/22,02/24/23,m,h,11.13,11.14,76.1,77.2,34.4,34.4,34.2,34.4,c,999022,999023,2,r,2,r,2,r,3,bu,19,bu,p,,,,,,,,,,,,,,,,,,,,,,,
29_07,29,07,f,13,01/19/22,02/24/23,m,h,11.13,11.14,76.1,77.2,34.4,34.4,34.2,34.4,c,999023,999024,2,r,2,r,2,r,3,bu,20,bu,h,,,,,,,,,,,,,,,,,,,,,,,
29_07,29,07,f,13,01/19/22,02/24/23,m,h,11.13,11.14,76.1,77.2,34.4,34.4,34.2,34.4,c,999024,1004836,2,r,2,r,2,r,3,bu,,,,,,,,,,,,,,,,,,,,,,,,,,
29_07,29,07,f,13,01/19/22,02/24/23,m,h,11.13,11.14,76.1,77.2,34.4,34.4,34.2,34.4,c,1004836,1004837,2,r,2,r,2,r,3,bu,21,bu,o,,,,y,,,,,,,,,,,,,,,,,,,
29_07,29,07,f,13,01/19/22,02/24/23,m,h,11.13,11.14,76.1,77.2,34.4,34.4,34.2,34.4,c,1004837,1004838,2,r,2,r,2,r,3,bu,22,bu,h,,,,,,,,,,,,,,,,,,,,,,,
29_07,29,07,f,13,01/19/22,02/24/23,m,h,11.13,11.14,76.1,77.2,34.4,34.4,34.2,34.4,c,1004838,1015206,2,r,2,r,2,r,3,bu,,,,,,,,,,,,,,,,,,,,,,,,,,
29_07,29,07,f,13,01/19/22,02/24/23,m,h,11.13,11.14,76.1,77.2,34.4,34.4,34.2,34.4,c,1015206,1015207,2,r,2,r,2,r,3,bu,23,bu,d,,,,,,,,,,,,,,,,,,,,,,,
29_07,29,07,f,13,01/19/22,02/24/23,m,h,11.13,11.14,76.1,77.2,34.4,34.4,34.2,34.4,c,1015207,1017212,2,r,2,r,2,r,3,bu,,,,,,,,,,,,,,,,,,,,,,,,,,
29_07,29,07,f,13,01/19/22,02/24/23,m,h,11.13,11.14,76.1,77.2,34.4,34.4,34.2,34.4,c,1017212,1017213,2,r,2,r,2,r,3,bu,24,bu,p,,,,,,,,,,,,,,,,,,,,,,,
29_07,29,07,f,13,01/19/22,02/24/23,m,h,11.13,11.14,76.1,77.2,34.4,34.4,34.2,34.4,c,1017213,1025339,2,r,2,r,2,r,3,bu,,,,,,,,,,,,,,,,,,,,,,,,,,
29_07,29,07,f,13,01/19/22,02/24/23,m,h,11.13,11.14,76.1,77.2,34.4,34.4,34.2,34.4,c,1025339,1025340,2,r,2,r,2,r,3,bu,25,bu,s,,,,,,,,,,,,,,,,,,,,,,,
29_07,29,07,f,13,01/19/22,02/24/23,m,h,11.13,11.14,76.1,77.2,34.4,34.4,34.2,34.4,c,1025340,1027514,2,r,2,r,2,r,3,bu,,,,,,,,,,,,,,,,,,,,,,,,,,
29_07,29,07,f,13,01/19/22,02/24/23,m,h,11.13,11.14,76.1,77.2,34.4,34.4,34.2,34.4,c,1027514,1027515,2,r,2,r,2,r,3,bu,26,bu,h,,,,,,,,,,,,,,,,,,,,,,,
29_07,29,07,f,13,01/19/22,02/24/23,m,h,11.13,11.14,76.1,77.2,34.4,34.4,34.2,34.4,c,1027515,1029215,2,r,2,r,2,r,3,bu,,,,,,,,,,,,,,,,,,,,,,,,,,
29_07,29,07,f,13,01/19/22,02/24/23,m,h,11.13,11.14,76.1,77.2,34.4,34.4,34.2,34.4,c,1029215,1029216,2,r,2,r,2,r,3,bu,27,bu,d,,,,,,,,,,,,,,,,,,,,,,,
29_07,29,07,f,13,01/19/22,02/24/23,m,h,11.13,11.14,76.1,77.2,34.4,34.4,34.2,34.4,c,1029216,1030268,2,r,2,r,2,r,3,bu,,,,,,,,,,,,,,,,,,,,,,,,,,
29_07,29,07,f,13,01/19/22,02/24/23,m,h,11.13,11.14,76.1,77.2,34.4,34.4,34.2,34.4,c,1030268,1030269,2,r,2,r,2,r,3,bu,28,bu,p,,,,,,,,,,,,,,,,,,,,,,,
29_07,29,07,f,13,01/19/22,02/24/23,m,h,11.13,11.14,76.1,77.2,34.4,34.4,34.2,34.4,c,1030269,1030270,2,r,2,r,2,r,3,bu,29,bu,h,,,,,,,,,,,,,,,,,,,,,,,
29_07,29,07,f,13,01/19/22,02/24/23,m,h,11.13,11.14,76.1,77.2,34.4,34.4,34.2,34.4,c,1030270,1037884,2,r,2,r,2,r,3,bu,,,,,,,,,,,,,,,,,,,,,,,,,,
29_07,29,07,f,13,01/19/22,02/24/23,m,h,11.13,11.14,76.1,77.2,34.4,34.4,34.2,34.4,c,1037884,1037885,2,r,2,r,2,r,3,bu,30,bu,c,,,,,,,,,,,,,,,,,,,,,,,
29_07,29,07,f,13,01/19/22,02/24/23,m,h,11.13,11.14,76.1,77.2,34.4,34.4,34.2,34.4,c,1037885,1041624,2,r,2,r,2,r,3,bu,,,,,,,,,,,,,,,,,,,,,,,,,,
29_07,29,07,f,13,01/19/22,02/24/23,m,h,11.13,11.14,76.1,77.2,34.4,34.4,34.2,34.4,c,1041624,1041625,2,r,2,r,2,r,3,bu,31,bu,h,,,,,,,,,,,,,,,,,,,,,,,
29_07,29,07,f,13,01/19/22,02/24/23,m,h,11.13,11.14,76.1,77.2,34.4,34.4,34.2,34.4,c,1041625,1043494,2,r,2,r,2,r,3,bu,,,,,,,,,,,,,,,,,,,,,,,,,,
29_07,29,07,f,13,01/19/22,02/24/23,m,h,11.13,11.14,76.1,77.2,34.4,34.4,34.2,34.4,c,1043494,1043495,2,r,2,r,2,r,3,bu,32,bu,th,,,,,,,,,,,,,,,,,,,,,,,
29_07,29,07,f,13,01/19/22,02/24/23,m,h,11.13,11.14,76.1,77.2,34.4,34.4,34.2,34.4,c,1043495,1045670,2,r,2,r,2,r,3,bu,,,,,,,,,,,,,,,,,,,,,,,,,,
29_07,29,07,f,13,01/19/22,02/24/23,m,h,11.13,11.14,76.1,77.2,34.4,34.4,34.2,34.4,c,1045670,1045671,2,r,2,r,2,r,3,bu,,,,,,,,,,,,,1,g,1,g,f,,,,,,,,,
29_07,29,07,f,13,01/19/22,02/24/23,m,h,11.13,11.14,76.1,77.2,34.4,34.4,34.2,34.4,c,1045671,1049342,2,r,2,r,2,r,3,bu,,,,,,,,,,,,,1,g,,,,,,,,,,,,
29_07,29,07,f,13,01/19/22,02/24/23,m,h,11.13,11.14,76.1,77.2,34.4,34.4,34.2,34.4,c,1049342,1049343,2,r,2,r,2,r,3,bu,,,,,,,,,,,,,1,g,2,g,o,,,,y,,,,,
29_07,29,07,f,13,01/19/22,02/24/23,m,h,11.13,11.14,76.1,77.2,34.4,34.4,34.2,34.4,c,1049343,1049717,2,r,2,r,2,r,3,bu,,,,,,,,,,,,,1,g,,,,,,,,,,,,
29_07,29,07,f,13,01/19/22,02/24/23,m,h,11.13,11.14,76.1,77.2,34.4,34.4,34.2,34.4,c,1049717,1049718,2,r,2,r,2,r,3,bu,,,,,,,,,,,,,1,g,3,g,h,,,,,,,,,
29_07,29,07,f,13,01/19/22,02/24/23,m,h,11.13,11.14,76.1,77.2,34.4,34.4,34.2,34.4,c,1049718,1052844,2,r,2,r,2,r,3,bu,,,,,,,,,,,,,1,g,,,,,,,,,,,,
29_07,29,07,f,13,01/19/22,02/24/23,m,h,11.13,11.14,76.1,77.2,34.4,34.4,34.2,34.4,c,1052844,1052845,2,r,2,r,2,r,3,bu,33,bu,d,,,,,,,,,,1,g,,,,,,,,,,,,
29_07,29,07,f,13,01/19/22,02/24/23,m,h,11.13,11.14,76.1,77.2,34.4,34.4,34.2,34.4,c,1052845,1054511,2,r,2,r,2,r,,,,,,,,,,,,,,,1,g,,,,,,,,,,,,
29_07,29,07,f,13,01/19/22,02/24/23,m,h,11.13,11.14,76.1,77.2,34.4,34.4,34.2,34.4,c,1054511,1054512,2,r,2,r,2,r,,,,,,,,,,,,,,,1,g,4,g,th,,,,,,,,,
29_07,29,07,f,13,01/19/22,02/24/23,m,h,11.13,11.14,76.1,77.2,34.4,34.4,34.2,34.4,c,1054512,1057434,2,r,2,r,2,r,,,,,,,,,,,,,,,1,g,,,,,,,,,,,,
29_07,29,07,f,13,01/19/22,02/24/23,m,h,11.13,11.14,76.1,77.2,34.4,34.4,34.2,34.4,c,1057434,1057435,2,r,2,r,2,r,,,,,,,,,,,,,,,1,g,5,g,p,,,,,,,,,
29_07,29,07,f,13,01/19/22,02/24/23,m,h,11.13,11.14,76.1,77.2,34.4,34.4,34.2,34.4,c,1057435,1057436,2,r,2,r,2,r,,,,,,,,,,,,,,,1,g,6,g,s,,,,,,,,,
29_07,29,07,f,13,01/19/22,02/24/23,m,h,11.13,11.14,76.1,77.2,34.4,34.4,34.2,34.4,c,1057436,1060800,2,r,2,r,2,r,,,,,,,,,,,,,,,1,g,,,,,,,,,,,,
29_07,29,07,f,13,01/19/22,02/24/23,m,h,11.13,11.14,76.1,77.2,34.4,34.4,34.2,34.4,c,1060800,1060801,2,r,2,r,2,r,,,,,,,,,,,,,,,1,g,7,g,o,,,,,,,,,
29_07,29,07,f,13,01/19/22,02/24/23,m,h,11.13,11.14,76.1,77.2,34.4,34.4,34.2,34.4,c,1060801,1061276,2,r,2,r,2,r,,,,,,,,,,,,,,,1,g,,,,,,,,,,,,
29_07,29,07,f,13,01/19/22,02/24/23,m,h,11.13,11.14,76.1,77.2,34.4,34.4,34.2,34.4,c,1061276,1061277,2,r,2,r,2,r,,,,,,,,,,,,,,,1,g,8,g,d,,,,,,,,,
29_07,29,07,f,13,01/19/22,02/24/23,m,h,11.13,11.14,76.1,77.2,34.4,34.4,34.2,34.4,c,1061277,1061278,2,r,2,r,2,r,,,,,,,,,,,,,,,1,g,9,g,h,,,,,,,,,
29_07,29,07,f,13,01/19/22,02/24/23,m,h,11.13,11.14,76.1,77.2,34.4,34.4,34.2,34.4,c,1061278,1065288,2,r,2,r,2,r,,,,,,,,,,,,,,,1,g,,,,,,,,,,,,
29_07,29,07,f,13,01/19/22,02/24/23,m,h,11.13,11.14,76.1,77.2,34.4,34.4,34.2,34.4,c,1065288,1065289,2,r,2,r,2,r,,,,,,,,,,,,,,,1,g,10,g,d,,,,,,,,,
29_07,29,07,f,13,01/19/22,02/24/23,m,h,11.13,11.14,76.1,77.2,34.4,34.4,34.2,34.4,c,1065289,1067566,2,r,2,r,2,r,,,,,,,,,,,,,,,1,g,,,,,,,,,,,,
29_07,29,07,f,13,01/19/22,02/24/23,m,h,11.13,11.14,76.1,77.2,34.4,34.4,34.2,34.4,c,1067566,1067567,2,r,2,r,2,r,,,,,,,,,,,,,,,1,g,11,g,p,,,,,,,,,
29_07,29,07,f,13,01/19/22,02/24/23,m,h,11.13,11.14,76.1,77.2,34.4,34.4,34.2,34.4,c,1067567,1068178,2,r,2,r,2,r,,,,,,,,,,,,,,,1,g,,,,,,,,,,,,
29_07,29,07,f,13,01/19/22,02/24/23,m,h,11.13,11.14,76.1,77.2,34.4,34.4,34.2,34.4,c,1068178,1068179,2,r,2,r,2,r,,,,,,,,,,,,,,,1,g,12,g,s,,y,,,,,,,
29_07,29,07,f,13,01/19/22,02/24/23,m,h,11.13,11.14,76.1,77.2,34.4,34.4,34.2,34.4,c,1068179,1070932,2,r,2,r,2,r,,,,,,,,,,,,,,,1,g,,,,,,,,,,,,
29_07,29,07,f,13,01/19/22,02/24/23,m,h,11.13,11.14,76.1,77.2,34.4,34.4,34.2,34.4,c,1070932,1070933,2,r,2,r,2,r,,,,,,,,,,,,,,,1,g,13,g,pu,,,,,,,,,
29_07,29,07,f,13,01/19/22,02/24/23,m,h,11.13,11.14,76.1,77.2,34.4,34.4,34.2,34.4,c,1070933,1074128,2,r,2,r,2,r,,,,,,,,,,,,,,,,,,,,,,,,,,,,
29_07,29,07,f,13,01/19/22,02/24/23,m,h,11.13,11.14,76.1,77.2,34.4,34.4,34.2,34.4,c,1074128,1074129,2,r,2,r,2,r,4,bu,34,bu,p,,,,,,,,,,,,,,,,,,,,,,,
29_07,29,07,f,13,01/19/22,02/24/23,m,h,11.13,11.14,76.1,77.2,34.4,34.4,34.2,34.4,c,1074129,1074130,2,r,2,r,2,r,4,bu,35,bu,h,,,,,,,,,,,,,,,,,,,,,,,
29_07,29,07,f,13,01/19/22,02/24/23,m,h,11.13,11.14,76.1,77.2,34.4,34.4,34.2,34.4,c,1074130,1078650,2,r,2,r,2,r,4,bu,,,,,,,,,,,,,,,,,,,,,,,,,,
29_07,29,07,f,13,01/19/22,02/24/23,m,h,11.13,11.14,76.1,77.2,34.4,34.4,34.2,34.4,c,1078650,1078651,2,r,2,r,2,r,4,bu,36,bu,c,,,,,,,,,,,,,,,,,,,,,,,
29_07,29,07,f,13,01/19/22,02/24/23,m,h,11.13,11.14,76.1,77.2,34.4,34.4,34.2,34.4,c,1078651,1089802,2,r,2,r,2,r,4,bu,,,,,,,,,,,,,,,,,,,,,,,,,,
29_07,29,07,f,13,01/19/22,02/24/23,m,h,11.13,11.14,76.1,77.2,34.4,34.4,34.2,34.4,c,1089802,1089803,2,r,2,r,2,r,4,bu,37,bu,d,,,,,,,,,,,,,,,,,,,,,,,
29_07,29,07,f,13,01/19/22,02/24/23,m,h,11.13,11.14,76.1,77.2,34.4,34.4,34.2,34.4,c,1089803,1110814,2,r,2,r,2,r,,,,,,,,,,,,,,,,,,,,,,,,,,,,
29_07,29,07,f,13,01/19/22,02/24/23,m,h,11.13,11.14,76.1,77.2,34.4,34.4,34.2,34.4,c,1110814,1110815,2,r,2,r,2,r,5,bu,38,bu,p,,,,,,,,,,,,,,,,,,,,,,,
29_07,29,07,f,13,01/19/22,02/24/23,m,h,11.13,11.14,76.1,77.2,34.4,34.4,34.2,34.4,c,1110815,1110816,2,r,2,r,2,r,5,bu,39,bu,c,,,,,,,,,,,,,,,,,,,,,,,
29_07,29,07,f,13,01/19/22,02/24/23,m,h,11.13,11.14,76.1,77.2,34.4,34.4,34.2,34.4,c,1110816,1115711,2,r,2,r,2,r,5,bu,,,,,,,,,,,,,,,,,,,,,,,,,,
29_07,29,07,f,13,01/19/22,02/24/23,m,h,11.13,11.14,76.1,77.2,34.4,34.4,34.2,34.4,c,1115711,1115712,2,r,2,r,2,r,5,bu,40,bu,h,,,,,,,,,,,,,,,,,,,,,,,
29_07,29,07,f,13,01/19/22,02/24/23,m,h,11.13,11.14,76.1,77.2,34.4,34.4,34.2,34.4,c,1115712,1116662,2,r,2,r,2,r,5,bu,,,,,,,,,,,,,,,,,,,,,,,,,,
29_07,29,07,f,13,01/19/22,02/24/23,m,h,11.13,11.14,76.1,77.2,34.4,34.4,34.2,34.4,c,1116662,1116663,2,r,2,r,2,r,5,bu,41,bu,p,,,,,,,,,,,,,,,,,,,,,,,
29_07,29,07,f,13,01/19/22,02/24/23,m,h,11.13,11.14,76.1,77.2,34.4,34.4,34.2,34.4,c,1116663,1116664,2,r,2,r,2,r,5,bu,42,bu,h,,,,,,,,,,,,,,,,,,,,,,,
29_07,29,07,f,13,01/19/22,02/24/23,m,h,11.13,11.14,76.1,77.2,34.4,34.4,34.2,34.4,c,1116664,1124142,2,r,2,r,2,r,5,bu,,,,,,,,,,,,,,,,,,,,,,,,,,
29_07,29,07,f,13,01/19/22,02/24/23,m,h,11.13,11.14,76.1,77.2,34.4,34.4,34.2,34.4,c,1124142,1124143,2,r,2,r,2,r,5,bu,43,bu,c,,,,,,,,,,,,,,,,,,,,,,,
29_07,29,07,f,13,01/19/22,02/24/23,m,h,11.13,11.14,76.1,77.2,34.4,34.4,34.2,34.4,c,1124143,1149099,2,r,2,r,2,r,5,bu,,,,,,,,,,,,,,,,,,,,,,,,,,
29_07,29,07,f,13,01/19/22,02/24/23,m,h,11.13,11.14,76.1,77.2,34.4,34.4,34.2,34.4,c,1149099,1149100,2,r,2,r,2,r,5,bu,44,bu,h,,,,,,,,,,,,,,,,,,,,,,,
29_07,29,07,f,13,01/19/22,02/24/23,m,h,11.13,11.14,76.1,77.2,34.4,34.4,34.2,34.4,c,1149100,1164432,2,r,2,r,2,r,5,bu,,,,,,,,,,,,,,,,,,,,,,,,,,
29_07,29,07,f,13,01/19/22,02/24/23,m,h,11.13,11.14,76.1,77.2,34.4,34.4,34.2,34.4,c,1164432,1164433,2,r,2,r,2,r,5,bu,45,bu,c,,,,,,,,,,,,,,,,,,,,,,,
29_07,29,07,f,13,01/19/22,02/24/23,m,h,11.13,11.14,76.1,77.2,34.4,34.4,34.2,34.4,c,1164433,1173374,2,r,2,r,2,r,5,bu,,,,,,,,,,,,,,,,,,,,,,,,,,
29_07,29,07,f,13,01/19/22,02/24/23,m,h,11.13,11.14,76.1,77.2,34.4,34.4,34.2,34.4,c,1173374,1173375,2,r,2,r,2,r,5,bu,46,bu,h,,,,,,,,,,,,,,,,,,,,,,,
29_07,29,07,f,13,01/19/22,02/24/23,m,h,11.13,11.14,76.1,77.2,34.4,34.4,34.2,34.4,c,1173375,1174258,2,r,2,r,2,r,5,bu,,,,,,,,,,,,,,,,,,,,,,,,,,
29_07,29,07,f,13,01/19/22,02/24/23,m,h,11.13,11.14,76.1,77.2,34.4,34.4,34.2,34.4,c,1174258,1174259,2,r,2,r,2,r,5,bu,,,,,,,,,,,,,2,p,14,p,t,y,,,,,,,,
29_07,29,07,f,13,01/19/22,02/24/23,m,h,11.13,11.14,76.1,77.2,34.4,34.4,34.2,34.4,c,1174259,1176333,2,r,2,r,2,r,5,bu,,,,,,,,,,,,,2,p,,,,,,,,,,,,
29_07,29,07,f,13,01/19/22,02/24/23,m,h,11.13,11.14,76.1,77.2,34.4,34.4,34.2,34.4,c,1176333,1192074,2,r,2,r,2,r,5,bu,,,,,,,,,,,,,,,,,,,,,,,,,,
29_07,29,07,f,13,01/19/22,02/24/23,m,h,11.13,11.14,76.1,77.2,34.4,34.4,34.2,34.4,c,1192074,1192075,2,r,2,r,2,r,5,bu,47,bu,d,,,,,,,,,,,,,,,,,,,,,,,
29_07,29,07,f,13,01/19/22,02/24/23,m,h,11.13,11.14,76.1,77.2,34.4,34.4,34.2,34.4,c,1192075,1196256,2,r,2,r,2,r,5,bu,,,,,,,,,,,,,,,,,,,,,,,,,,
29_07,29,07,f,13,01/19/22,02/24/23,m,h,11.13,11.14,76.1,77.2,34.4,34.4,34.2,34.4,c,1196256,1196257,2,r,2,r,2,r,5,bu,48,bu,p,,,,,,,,,,,,,,,,,,,,,,,
29_07,29,07,f,13,01/19/22,02/24/23,m,h,11.13,11.14,76.1,77.2,34.4,34.4,34.2,34.4,c,1196257,1196258,2,r,2,r,2,r,5,bu,49,bu,c,,,,,,,,,,,,,,,,,,,,,,,
29_07,29,07,f,13,01/19/22,02/24/23,m,h,11.13,11.14,76.1,77.2,34.4,34.4,34.2,34.4,c,1196258,1201628,2,r,2,r,2,r,5,bu,,,,,,,,,,,,,,,,,,,,,,,,,,
29_07,29,07,f,13,01/19/22,02/24/23,m,h,11.13,11.14,76.1,77.2,34.4,34.4,34.2,34.4,c,1201628,1201629,2,r,2,r,2,r,5,bu,,,,,,,,,,,,,3,t,15,t,t,,,,,,,,,
29_07,29,07,f,13,01/19/22,02/24/23,m,h,11.13,11.14,76.1,77.2,34.4,34.4,34.2,34.4,c,1201629,1201900,2,r,2,r,2,r,5,bu,,,,,,,,,,,,,3,t,,,,,,,,,,,,
29_07,29,07,f,13,01/19/22,02/24/23,m,h,11.13,11.14,76.1,77.2,34.4,34.4,34.2,34.4,c,1201900,1201901,2,r,2,r,2,r,5,bu,50,bu,h,,,,,,,,,,3,t,,,,,,,,,,,,
29_07,29,07,f,13,01/19/22,02/24/23,m,h,11.13,11.14,76.1,77.2,34.4,34.4,34.2,34.4,c,1201901,1205675,2,r,2,r,2,r,5,bu,,,,,,,,,,,,,3,t,,,,,,,,,,,,
29_07,29,07,f,13,01/19/22,02/24/23,m,h,11.13,11.14,76.1,77.2,34.4,34.4,34.2,34.4,c,1205675,1207272,2,r,2,r,2,r,5,bu,,,,,,,,,,,,,,,,,,,,,,,,,,
29_07,29,07,f,13,01/19/22,02/24/23,m,h,11.13,11.14,76.1,77.2,34.4,34.4,34.2,34.4,c,1207272,1207273,2,r,2,r,2,r,5,bu,51,bu,d,,,,,,,,,,,,,,,,,,,,,,,
29_07,29,07,f,13,01/19/22,02/24/23,m,h,11.13,11.14,76.1,77.2,34.4,34.4,34.2,34.4,c,1207273,1219648,2,r,2,r,2,r,,,,,,,,,,,,,,,,,,,,,,,,,,,,
29_07,29,07,f,13,01/19/22,02/24/23,m,h,11.13,11.14,76.1,77.2,34.4,34.4,34.2,34.4,c,1219648,1219649,2,r,2,r,2,r,6,bu,52,bu,p,,,,,,,,,,,,,,,,,,,,,,,
29_07,29,07,f,13,01/19/22,02/24/23,m,h,11.13,11.14,76.1,77.2,34.4,34.4,34.2,34.4,c,1219649,1219650,2,r,2,r,2,r,6,bu,53,bu,h,,,,,,,,,,,,,,,,,,,,,,,
29_07,29,07,f,13,01/19/22,02/24/23,m,h,11.13,11.14,76.1,77.2,34.4,34.4,34.2,34.4,c,1219650,1221926,2,r,2,r,2,r,6,bu,,,,,,,,,,,,,,,,,,,,,,,,,,
29_07,29,07,f,13,01/19/22,02/24/23,m,h,11.13,11.14,76.1,77.2,34.4,34.4,34.2,34.4,c,1221926,1221927,2,r,2,r,2,r,6,bu,54,bu,p,,,,,,,,,,,,,,,,,,,,,,,
29_07,29,07,f,13,01/19/22,02/24/23,m,h,11.13,11.14,76.1,77.2,34.4,34.4,34.2,34.4,c,1221927,1221928,2,r,2,r,2,r,6,bu,55,bu,h,,,,,,,,,,,,,,,,,,,,,,,
29_07,29,07,f,13,01/19/22,02/24/23,m,h,11.13,11.14,76.1,77.2,34.4,34.4,34.2,34.4,c,1221928,1225667,2,r,2,r,2,r,6,bu,,,,,,,,,,,,,,,,,,,,,,,,,,
29_07,29,07,f,13,01/19/22,02/24/23,m,h,11.13,11.14,76.1,77.2,34.4,34.4,34.2,34.4,c,1225667,1225668,2,r,2,r,2,r,6,bu,56,bu,th,,,,,,,,,,,,,,,,,,,,,,,
29_07,29,07,f,13,01/19/22,02/24/23,m,h,11.13,11.14,76.1,77.2,34.4,34.4,34.2,34.4,c,1225668,1228760,2,r,2,r,2,r,6,bu,,,,,,,,,,,,,,,,,,,,,,,,,,
29_07,29,07,f,13,01/19/22,02/24/23,m,h,11.13,11.14,76.1,77.2,34.4,34.4,34.2,34.4,c,1228760,1228761,2,r,2,r,2,r,6,bu,,,,,,,,,,,,,4,t,16,t,t,,,,,,,,,
29_07,29,07,f,13,01/19/22,02/24/23,m,h,11.13,11.14,76.1,77.2,34.4,34.4,34.2,34.4,c,1228761,1229781,2,r,2,r,2,r,6,bu,,,,,,,,,,,,,4,t,,,,,,,,,,,,
29_07,29,07,f,13,01/19/22,02/24/23,m,h,11.13,11.14,76.1,77.2,34.4,34.4,34.2,34.4,c,1229781,1235832,2,r,2,r,2,r,6,bu,,,,,,,,,,,,,,,,,,,,,,,,,,
29_07,29,07,f,13,01/19/22,02/24/23,m,h,11.13,11.14,76.1,77.2,34.4,34.4,34.2,34.4,c,1235832,1235833,2,r,2,r,2,r,6,bu,57,bu,d,,,,,,,,,,,,,,,,,,,,,,,
29_07,29,07,f,13,01/19/22,02/24/23,m,h,11.13,11.14,76.1,77.2,34.4,34.4,34.2,34.4,c,1235833,1262828,2,r,2,r,2,r,,,,,,,,,,,,,,,,,,,,,,,,,,,,
29_07,29,07,f,13,01/19/22,02/24/23,m,h,11.13,11.14,76.1,77.2,34.4,34.4,34.2,34.4,c,1262828,1262829,2,r,2,r,2,r,7,sh,58,sh,pu,,,,,,,,,,,,,,,,,,,,,,,
29_07,29,07,f,13,01/19/22,02/24/23,m,h,11.13,11.14,76.1,77.2,34.4,34.4,34.2,34.4,c,1262829,1263576,2,r,2,r,2,r,7,sh,,,,,,,,,,,,,,,,,,,,,,,,,,
29_07,29,07,f,13,01/19/22,02/24/23,m,h,11.13,11.14,76.1,77.2,34.4,34.4,34.2,34.4,c,1263576,1263577,2,r,2,r,2,r,7,sh,59,sh,d,,,,,,,,,,,,,,,,,,,,,,,
29_07,29,07,f,13,01/19/22,02/24/23,m,h,11.13,11.14,76.1,77.2,34.4,34.4,34.2,34.4,c,1263577,1265684,2,r,2,r,2,r,7,sh,,,,,,,,,,,,,,,,,,,,,,,,,,
29_07,29,07,f,13,01/19/22,02/24/23,m,h,11.13,11.14,76.1,77.2,34.4,34.4,34.2,34.4,c,1265684,1265685,2,r,2,r,2,r,7,sh,60,sh,p,,,,,,,,,,,,,,,,,,,,,,,
29_07,29,07,f,13,01/19/22,02/24/23,m,h,11.13,11.14,76.1,77.2,34.4,34.4,34.2,34.4,c,1265685,1265686,2,r,2,r,2,r,7,sh,61,sh,h,,,,,,,,,,,,,,,,,,,,,,,
29_07,29,07,f,13,01/19/22,02/24/23,m,h,11.13,11.14,76.1,77.2,34.4,34.4,34.2,34.4,c,1265686,1267588,2,r,2,r,2,r,7,sh,,,,,,,,,,,,,,,,,,,,,,,,,,
29_07,29,07,f,13,01/19/22,02/24/23,m,h,11.13,11.14,76.1,77.2,34.4,34.4,34.2,34.4,c,1267588,1267589,2,r,2,r,2,r,7,sh,62,sh,p,,,,,,,,,,,,,,,,,,,,,,,
29_07,29,07,f,13,01/19/22,02/24/23,m,h,11.13,11.14,76.1,77.2,34.4,34.4,34.2,34.4,c,1267589,1267590,2,r,2,r,2,r,7,sh,63,sh,h,,,,,,,,,,,,,,,,,,,,,,,
29_07,29,07,f,13,01/19/22,02/24/23,m,h,11.13,11.14,76.1,77.2,34.4,34.4,34.2,34.4,c,1267590,1271023,2,r,2,r,2,r,7,sh,,,,,,,,,,,,,,,,,,,,,,,,,,
29_07,29,07,f,13,01/19/22,02/24/23,m,h,11.13,11.14,76.1,77.2,34.4,34.4,34.2,34.4,c,1271023,1271024,2,r,2,r,2,r,7,sh,64,sh,d,,,,,,,,,,,,,,,,,,,,,,,
29_07,29,07,f,13,01/19/22,02/24/23,m,h,11.13,11.14,76.1,77.2,34.4,34.4,34.2,34.4,c,1271024,1272485,2,r,2,r,2,r,7,sh,,,,,,,,,,,,,,,,,,,,,,,,,,
29_07,29,07,f,13,01/19/22,02/24/23,m,h,11.13,11.14,76.1,77.2,34.4,34.4,34.2,34.4,c,1272485,1272486,2,r,2,r,2,r,7,sh,65,sh,d,,,,,,,,,,,,,,,,,,,,,,,
29_07,29,07,f,13,01/19/22,02/24/23,m,h,11.13,11.14,76.1,77.2,34.4,34.4,34.2,34.4,c,1272486,1275578,2,r,2,r,2,r,7,sh,,,,,,,,,,,,,,,,,,,,,,,,,,
29_07,29,07,f,13,01/19/22,02/24/23,m,h,11.13,11.14,76.1,77.2,34.4,34.4,34.2,34.4,c,1275578,1275579,2,r,2,r,2,r,7,sh,66,sh,pu,,,,,,,,,,,,,,,,,,,,,,,
29_07,29,07,f,13,01/19/22,02/24/23,m,h,11.13,11.14,76.1,77.2,34.4,34.4,34.2,34.4,c,1275579,1276258,2,r,2,r,2,r,7,sh,,,,,,,,,,,,,,,,,,,,,,,,,,
29_07,29,07,f,13,01/19/22,02/24/23,m,h,11.13,11.14,76.1,77.2,34.4,34.4,34.2,34.4,c,1276258,1276259,2,r,2,r,2,r,7,sh,67,sh,d,,,,,,,,,,,,,,,,,,,,,,,
29_07,29,07,f,13,01/19/22,02/24/23,m,h,11.13,11.14,76.1,77.2,34.4,34.4,34.2,34.4,c,1276259,1278162,2,r,2,r,2,r,7,sh,,,,,,,,,,,,,,,,,,,,,,,,,,
29_07,29,07,f,13,01/19/22,02/24/23,m,h,11.13,11.14,76.1,77.2,34.4,34.4,34.2,34.4,c,1278162,1278163,2,r,2,r,2,r,7,sh,68,sh,p,,,,,,,,,,,,,,,,,,,,,,,
29_07,29,07,f,13,01/19/22,02/24/23,m,h,11.13,11.14,76.1,77.2,34.4,34.4,34.2,34.4,c,1278163,1278164,2,r,2,r,2,r,7,sh,69,sh,h,,,,,,,,,,,,,,,,,,,,,,,
29_07,29,07,f,13,01/19/22,02/24/23,m,h,11.13,11.14,76.1,77.2,34.4,34.4,34.2,34.4,c,1278164,1282208,2,r,2,r,2,r,7,sh,,,,,,,,,,,,,,,,,,,,,,,,,,
29_07,29,07,f,13,01/19/22,02/24/23,m,h,11.13,11.14,76.1,77.2,34.4,34.4,34.2,34.4,c,1282208,1282209,2,r,2,r,2,r,7,sh,70,sh,p,,,,,,,,,,,,,,,,,,,,,,,
29_07,29,07,f,13,01/19/22,02/24/23,m,h,11.13,11.14,76.1,77.2,34.4,34.4,34.2,34.4,c,1282209,1282210,2,r,2,r,2,r,7,sh,71,s,h,,,,,,,,,,,,,,,,,,,,,,,
29_07,29,07,f,13,01/19/22,02/24/23,m,h,11.13,11.14,76.1,77.2,34.4,34.4,34.2,34.4,c,1282210,1282855,2,r,2,r,2,r,7,sh,,,,,,,,,,,,,,,,,,,,,,,,,,
29_07,29,07,f,13,01/19/22,02/24/23,m,h,11.13,11.14,76.1,77.2,34.4,34.4,34.2,34.4,c,1282855,1282856,2,r,2,r,2,r,7,sh,72,sh,c,,,,,,,,,,,,,,,,,,,,,,,
29_07,29,07,f,13,01/19/22,02/24/23,m,h,11.13,11.14,76.1,77.2,34.4,34.4,34.2,34.4,c,1282856,1295979,2,r,2,r,2,r,7,sh,,,,,,,,,,,,,,,,,,,,,,,,,,
29_07,29,07,f,13,01/19/22,02/24/23,m,h,11.13,11.14,76.1,77.2,34.4,34.4,34.2,34.4,c,1295979,1295980,2,r,2,r,2,r,7,sh,73,sh,th,,,,,,,,,,,,,,,,,,,,,,,
29_07,29,07,f,13,01/19/22,02/24/23,m,h,11.13,11.14,76.1,77.2,34.4,34.4,34.2,34.4,c,1295980,1296421,2,r,2,r,2,r,7,sh,,,,,,,,,,,,,,,,,,,,,,,,,,
29_07,29,07,f,13,01/19/22,02/24/23,m,h,11.13,11.14,76.1,77.2,34.4,34.4,34.2,34.4,c,1296421,1296422,2,r,2,r,2,r,7,sh,74,sh,th,,,,,,,,,,,,,,,,,,,,,,,
29_07,29,07,f,13,01/19/22,02/24/23,m,h,11.13,11.14,76.1,77.2,34.4,34.4,34.2,34.4,c,1296422,1297406,2,r,2,r,2,r,7,sh,,,,,,,,,,,,,,,,,,,,,,,,,,
29_07,29,07,f,13,01/19/22,02/24/23,m,h,11.13,11.14,76.1,77.2,34.4,34.4,34.2,34.4,c,1297406,1297407,2,r,2,r,2,r,7,sh,75,sh,pu,,,,,,,,,,,,,,,,,,,,,,,
29_07,29,07,f,13,01/19/22,02/24/23,m,h,11.13,11.14,76.1,77.2,34.4,34.4,34.2,34.4,c,1297407,1298936,2,r,2,r,2,r,7,sh,,,,,,,,,,,,,,,,,,,,,,,,,,
29_07,29,07,f,13,01/19/22,02/24/23,m,h,11.13,11.14,76.1,77.2,34.4,34.4,34.2,34.4,c,1298936,1298937,2,r,2,r,2,r,7,sh,76,sh,pu,,,,,,,,,,,,,,,,,,,,,,,
29_07,29,07,f,13,01/19/22,02/24/23,m,h,11.13,11.14,76.1,77.2,34.4,34.4,34.2,34.4,c,1298937,1300432,2,r,2,r,2,r,7,sh,,,,,,,,,,,,,,,,,,,,,,,,,,
29_07,29,07,f,13,01/19/22,02/24/23,m,h,11.13,11.14,76.1,77.2,34.4,34.4,34.2,34.4,c,1300432,1300433,2,r,2,r,2,r,7,sh,77,sh,pu,,,,,,,,,,,,,,,,,,,,,,,
29_07,29,07,f,13,01/19/22,02/24/23,m,h,11.13,11.14,76.1,77.2,34.4,34.4,34.2,34.4,c,1300433,1302574,2,r,2,r,2,r,7,sh,,,,,,,,,,,,,,,,,,,,,,,,,,
29_07,29,07,f,13,01/19/22,02/24/23,m,h,11.13,11.14,76.1,77.2,34.4,34.4,34.2,34.4,c,1302574,1302575,2,r,2,r,2,r,7,sh,78,sh,pu,,,,,,,,,,,,,,,,,,,,,,,
29_07,29,07,f,13,01/19/22,02/24/23,m,h,11.13,11.14,76.1,77.2,34.4,34.4,34.2,34.4,c,1302575,1328924,2,r,2,r,2,r,,,,,,,,,,,,,,,,,,,,,,,,,,,,
29_07,29,07,f,13,01/19/22,02/24/23,m,h,11.13,11.14,76.1,77.2,34.4,34.4,34.2,34.4,c,1328924,1328925,2,r,2,r,2,r,8,f,79,f,t,,,,,,y,,,,,,,,,,,,,,,,,
29_07,29,07,f,13,01/19/22,02/24/23,m,h,11.13,11.14,76.1,77.2,34.4,34.4,34.2,34.4,c,1328925,1332460,2,r,2,r,2,r,8,f,,,,,,,,,,,,,,,,,,,,,,,,,,
29_07,29,07,f,13,01/19/22,02/24/23,m,h,11.13,11.14,76.1,77.2,34.4,34.4,34.2,34.4,c,1332460,1332461,2,r,2,r,2,r,8,f,80,f,pu,,,,,,,,,,,,,,,,,,,,,,,
29_07,29,07,f,13,01/19/22,02/24/23,m,h,11.13,11.14,76.1,77.2,34.4,34.4,34.2,34.4,c,1332461,1333344,2,r,2,r,2,r,8,f,,,,,,,,,,,,,,,,,,,,,,,,,,
29_07,29,07,f,13,01/19/22,02/24/23,m,h,11.13,11.14,76.1,77.2,34.4,34.4,34.2,34.4,c,1333344,1333345,2,r,2,r,2,r,8,f,81,f,t,,,,,,y,,,,,,,,,,,,,,,,,
29_07,29,07,f,13,01/19/22,02/24/23,m,h,11.13,11.14,76.1,77.2,34.4,34.4,34.2,34.4,c,1333345,1349970,2,r,2,r,2,r,8,f,,,,,,,,,,,,,,,,,,,,,,,,,,
29_07,29,07,f,13,01/19/22,02/24/23,m,h,11.13,11.14,76.1,77.2,34.4,34.4,34.2,34.4,c,1349970,1349971,2,r,2,r,2,r,8,f,82,f,pu,,,,,,,,,,,,,,,,,,,,,,,
29_07,29,07,f,13,01/19/22,02/24/23,m,h,11.13,11.14,76.1,77.2,34.4,34.4,34.2,34.4,c,1349971,1353064,2,r,2,r,2,r,8,f,,,,,,,,,,,,,,,,,,,,,,,,,,
29_07,29,07,f,13,01/19/22,02/24/23,m,h,11.13,11.14,76.1,77.2,34.4,34.4,34.2,34.4,c,1353064,1353065,2,r,2,r,2,r,8,f,83,f,d,,,,,,,,,,,,,,,,,,,,,,,
29_07,29,07,f,13,01/19/22,02/24/23,m,h,11.13,11.14,76.1,77.2,34.4,34.4,34.2,34.4,c,1353065,1364896,2,r,2,r,2,r,,,,,,,,,,,,,,,,,,,,,,,,,,,,
29_07,29,07,f,13,01/19/22,02/24/23,m,h,11.13,11.14,76.1,77.2,34.4,34.4,34.2,34.4,c,1364896,1364897,2,r,2,r,2,r,9,f,84,f,pu,,,,,,,,,,,,,,,,,,,,,,,
29_07,29,07,f,13,01/19/22,02/24/23,m,h,11.13,11.14,76.1,77.2,34.4,34.4,34.2,34.4,c,1364897,1369555,2,r,2,r,2,r,9,f,,,,,,,,,,,,,,,,,,,,,,,,,,
29_07,29,07,f,13,01/19/22,02/24/23,m,h,11.13,11.14,76.1,77.2,34.4,34.4,34.2,34.4,c,1369555,1369556,2,r,2,r,2,r,9,f,85,f,f,,,,,,,,,,,,,,,,,,,,,,,
29_07,29,07,f,13,01/19/22,02/24/23,m,h,11.13,11.14,76.1,77.2,34.4,34.4,34.2,34.4,c,1369556,1372648,2,r,2,r,2,r,9,f,,,,,,,,,,,,,,,,,,,,,,,,,,
29_07,29,07,f,13,01/19/22,02/24/23,m,h,11.13,11.14,76.1,77.2,34.4,34.4,34.2,34.4,c,1372648,1372649,2,r,2,r,2,r,9,f,86,f,pu,,,,,,,,,,,,,,,,,,,,,,,
29_07,29,07,f,13,01/19/22,02/24/23,m,h,11.13,11.14,76.1,77.2,34.4,34.4,34.2,34.4,c,1372649,1375471,2,r,2,r,2,r,9,f,,,,,,,,,,,,,,,,,,,,,,,,,,
29_07,29,07,f,13,01/19/22,02/24/23,m,h,11.13,11.14,76.1,77.2,34.4,34.4,34.2,34.4,c,1375471,1389036,2,r,2,r,2,r,,,,,,,,,,,,,,,,,,,,,,,,,,,,
29_07,29,07,f,13,01/19/22,02/24/23,m,h,11.13,11.14,76.1,77.2,34.4,34.4,34.2,34.4,c,1389036,1389037,2,r,2,r,2,r,10,rb,87,rb,p,,,,,,,,,,,,,,,,,,,,,,,
29_07,29,07,f,13,01/19/22,02/24/23,m,h,11.13,11.14,76.1,77.2,34.4,34.4,34.2,34.4,c,1389037,1389580,2,r,2,r,2,r,10,rb,,,,,,,,,,,,,,,,,,,,,,,,,,
29_07,29,07,f,13,01/19/22,02/24/23,m,h,11.13,11.14,76.1,77.2,34.4,34.4,34.2,34.4,c,1389580,1389581,2,r,2,r,2,r,10,rb,88,rb,d,,,,,,,,,,,,,,,,,,,,,,,
29_07,29,07,f,13,01/19/22,02/24/23,m,h,11.13,11.14,76.1,77.2,34.4,34.4,34.2,34.4,c,1389581,1392674,2,r,2,r,2,r,,,,,,,,,,,,,,,,,,,,,,,,,,,,
29_07,29,07,f,13,01/19/22,02/24/23,m,h,11.13,11.14,76.1,77.2,34.4,34.4,34.2,34.4,c,1392674,1392675,2,r,2,r,2,r,11,bu,89,bu,p,,,,,,,,,,,,,,,,,,,,,,,
29_07,29,07,f,13,01/19/22,02/24/23,m,h,11.13,11.14,76.1,77.2,34.4,34.4,34.2,34.4,c,1392675,1392676,2,r,2,r,2,r,11,bu,90,bu,h,,,,,,,,,,,,,,,,,,,,,,,
29_07,29,07,f,13,01/19/22,02/24/23,m,h,11.13,11.14,76.1,77.2,34.4,34.4,34.2,34.4,c,1392676,1396278,2,r,2,r,2,r,11,bu,,,,,,,,,,,,,,,,,,,,,,,,,,
29_07,29,07,f,13,01/19/22,02/24/23,m,h,11.13,11.14,76.1,77.2,34.4,34.4,34.2,34.4,c,1396278,1396279,2,r,2,r,2,r,11,bu,91,bu,d,,,,,,,,,,,,,,,,,,,,,,,
29_07,29,07,f,13,01/19/22,02/24/23,m,h,11.13,11.14,76.1,77.2,34.4,34.4,34.2,34.4,c,1396279,1407192,2,r,2,r,2,r,11,bu,,,,,,,,,,,,,,,,,,,,,,,,,,
29_07,29,07,f,13,01/19/22,02/24/23,m,h,11.13,11.14,76.1,77.2,34.4,34.4,34.2,34.4,c,1407192,1407193,2,r,2,r,2,r,11,bu,92,bu,p,,,,,,,,,,,,,,,,,,,,,,,
29_07,29,07,f,13,01/19/22,02/24/23,m,h,11.13,11.14,76.1,77.2,34.4,34.4,34.2,34.4,c,1407193,1408008,2,r,2,r,2,r,11,bu,,,,,,,,,,,,,,,,,,,,,,,,,,
29_07,29,07,f,13,01/19/22,02/24/23,m,h,11.13,11.14,76.1,77.2,34.4,34.4,34.2,34.4,c,1408008,1408009,2,r,2,r,2,r,11,bu,93,bu,s,,,,,,,,,,,,,,,,,,,,,,,
29_07,29,07,f,13,01/19/22,02/24/23,m,h,11.13,11.14,76.1,77.2,34.4,34.4,34.2,34.4,c,1408009,1410933,2,r,2,r,2,r,11,bu,,,,,,,,,,,,,,,,,,,,,,,,,,
29_07,29,07,f,13,01/19/22,02/24/23,m,h,11.13,11.14,76.1,77.2,34.4,34.4,34.2,34.4,c,1410933,1410934,2,r,2,r,2,r,11,bu,94,bu,h,,,,,,,,,,,,,,,,,,,,,,,
29_07,29,07,f,13,01/19/22,02/24/23,m,h,11.13,11.14,76.1,77.2,34.4,34.4,34.2,34.4,c,1410934,1413958,2,r,2,r,2,r,11,bu,,,,,,,,,,,,,,,,,,,,,,,,,,
29_07,29,07,f,13,01/19/22,02/24/23,m,h,11.13,11.14,76.1,77.2,34.4,34.4,34.2,34.4,c,1413958,1413959,2,r,2,r,2,r,11,bu,,,,,,,,,,,,,5,rb,17,rb,p,,,,,,,,,
29_07,29,07,f,13,01/19/22,02/24/23,m,h,11.13,11.14,76.1,77.2,34.4,34.4,34.2,34.4,c,1413959,1414468,2,r,2,r,2,r,11,bu,,,,,,,,,,,,,5,rb,,,,,,,,,,,,
29_07,29,07,f,13,01/19/22,02/24/23,m,h,11.13,11.14,76.1,77.2,34.4,34.4,34.2,34.4,c,1414468,1414469,2,r,2,r,2,r,11,bu,95,bu,s,,,,,,,,,,5,rb,18,rb,s,,,,,,,,,
29_07,29,07,f,13,01/19/22,02/24/23,m,h,11.13,11.14,76.1,77.2,34.4,34.4,34.2,34.4,c,1414469,1415114,2,r,2,r,2,r,11,bu,,,,,,,,,,,,,5,rb,,,,,,,,,,,,
29_07,29,07,f,13,01/19/22,02/24/23,m,h,11.13,11.14,76.1,77.2,34.4,34.4,34.2,34.4,c,1415114,1415115,2,r,2,r,2,r,11,bu,,,,,,,,,,,,,5,rb,19,rb,d,,,,,,,,,
29_07,29,07,f,13,01/19/22,02/24/23,m,h,11.13,11.14,76.1,77.2,34.4,34.4,34.2,34.4,c,1415115,1417018,2,r,2,r,2,r,11,bu,,,,,,,,,,,,,,,,,,,,,,,,,,
29_07,29,07,f,13,01/19/22,02/24/23,m,h,11.13,11.14,76.1,77.2,34.4,34.4,34.2,34.4,c,1417018,1417019,2,r,2,r,2,r,11,bu,96,bu,th,,,,,,,,,,,,,,,,,,,,,,,
29_07,29,07,f,13,01/19/22,02/24/23,m,h,11.13,11.14,76.1,77.2,34.4,34.4,34.2,34.4,c,1417019,1423886,2,r,2,r,2,r,,,,,,,,,,,,,,,,,,,,,,,,,,,,
29_07,29,07,f,13,01/19/22,02/24/23,m,h,11.13,11.14,76.1,77.2,34.4,34.4,34.2,34.4,c,1423886,1423887,2,r,2,r,2,r,12,rb,97,rb,p,,,,,,,,,,,,,,,,,,,,,,,
29_07,29,07,f,13,01/19/22,02/24/23,m,h,11.13,11.14,76.1,77.2,34.4,34.4,34.2,34.4,c,1423887,1424430,2,r,2,r,2,r,12,rb,,,,,,,,,,,,,,,,,,,,,,,,,,
29_07,29,07,f,13,01/19/22,02/24/23,m,h,11.13,11.14,76.1,77.2,34.4,34.4,34.2,34.4,c,1424430,1424431,2,r,2,r,2,r,12,rb,98,rb,th,,,,,,,,,,,,,,,,,,,,,,,
29_07,29,07,f,13,01/19/22,02/24/23,m,h,11.13,11.14,76.1,77.2,34.4,34.4,34.2,34.4,c,1424431,1475736,2,r,2,r,2,r,,,,,,,,,,,,,,,,,,,,,,,,,,,,
29_07,29,07,f,13,01/19/22,02/24/23,m,h,11.13,11.14,76.1,77.2,34.4,34.4,34.2,34.4,c,1475736,1789760,,,,,,,,,,,,,,,,,,,,,,,,,,,,,,,,,,
29_07,29,07,f,13,01/19/22,02/24/23,m,h,11.13,11.14,76.1,77.2,34.4,34.4,34.2,34.4,c,1789760,2126190,3,b,,,,,,,,,,,,,,,,,,,,,,,,,,,,,,,,
29_07,29,07,f,13,01/19/22,02/24/23,m,h,11.13,11.14,76.1,77.2,34.4,34.4,34.2,34.4,c,2126190,2206192,,,,,,,,,,,,,,,,,,,,,,,,,,,,,,,,,,
29_07,29,07,f,13,01/19/22,02/24/23,m,h,11.13,11.14,76.1,77.2,34.4,34.4,34.2,34.4,c,2206192,2544186,4,m,,,,,,,,,,,,,,,,,,,,,,,,,,,,,,,,
29_07,29,07,f,13,01/19/22,02/24/23,m,h,11.13,11.14,76.1,77.2,34.4,34.4,34.2,34.4,c,2544186,2572304,,,,,,,,,,,,,,,,,,,,,,,,,,,,,,,,,,
29_07,29,07,f,13,01/19/22,02/24/23,m,h,11.13,11.14,76.1,77.2,34.4,34.4,34.2,34.4,c,2572304,3052942,5,b,,,,,,,,,,,,,,,,,,,,,,,,,,,,,,,,
29_07,29,07,f,13,01/19/22,02/24/23,m,h,11.13,11.14,76.1,77.2,34.4,34.4,34.2,34.4,c,3052942,3095092,,,,,,,,,,,,,,,,,,,,,,,,,,,,,,,,,,
29_07,29,07,f,13,01/19/22,02/24/23,m,h,11.13,11.14,76.1,77.2,34.4,34.4,34.2,34.4,c,3095092,3474805,6,g,,,,,,,,,,,,,,,,,,,,,,,,,,,,,,,,
34_11,34,11,f,12,11/12/22,11/09/23,w,n,9.7,9.7,74.7,75.1,33,.,33,.,w,533732,1154028,1,p,1,p,1,p,,,,,,,,,,,,,,,,,,,,,,,,,,,,
34_11,34,11,f,12,11/12/22,11/09/23,w,n,9.7,9.7,74.7,75.1,33,.,33,.,w,1154028,1234778,,,,,,,,,,,,,,,,,,,,,,,,,,,,,,,,,,
34_11,34,11,f,12,11/12/22,11/09/23,w,n,9.7,9.7,74.7,75.1,33,.,33,.,w,1234778,1236852,2,r,2,c,2,c,,,,,,,,,,,,,,,,,,,,,,,,,,,,
34_11,34,11,f,12,11/12/22,11/09/23,w,n,9.7,9.7,74.7,75.1,33,.,33,.,w,1236852,1236853,2,r,2,c,2,c,1,r,1,r,p,,,,,,,,,,,,,,,,,,,,,,,
34_11,34,11,f,12,11/12/22,11/09/23,w,n,9.7,9.7,74.7,75.1,33,.,33,.,w,1236853,1239674,2,r,2,c,2,c,1,r,,,,,,,,,,,,,,,,,,,,,,,,,,
34_11,34,11,f,12,11/12/22,11/09/23,w,n,9.7,9.7,74.7,75.1,33,.,33,.,w,1239674,1239675,2,r,2,c,2,c,1,r,2,r,s,y,,,,,,,,,,,,,,,,,,,,,,
34_11,34,11,f,12,11/12/22,11/09/23,w,n,9.7,9.7,74.7,75.1,33,.,33,.,w,1239675,1253138,2,r,2,c,2,c,1,r,,,,,,,,,,,,,,,,,,,,,,,,,,
34_11,34,11,f,12,11/12/22,11/09/23,w,n,9.7,9.7,74.7,75.1,33,.,33,.,w,1253138,1253139,2,r,2,c,2,c,1,r,3,r,d,,,,,,,,,,,,,,,,,,,,,,,
34_11,34,11,f,12,11/12/22,11/09/23,w,n,9.7,9.7,74.7,75.1,33,.,33,.,w,1253139,1260618,2,r,2,c,2,c,,,,,,,,,,,,,,,,,,,,,,,,,,,,
34_11,34,11,f,12,11/12/22,11/09/23,w,n,9.7,9.7,74.7,75.1,33,.,33,.,w,1260618,1260619,2,r,2,c,2,c,2,rb,4,rb,p,,,,,,,,,,,,,,,,,,,,,,,
34_11,34,11,f,12,11/12/22,11/09/23,w,n,9.7,9.7,74.7,75.1,33,.,33,.,w,1260619,1260620,2,r,2,c,2,c,2,rb,5,rb,h,,,,,,,,,,,,,,,,,,,,,,,
34_11,34,11,f,12,11/12/22,11/09/23,w,n,9.7,9.7,74.7,75.1,33,.,33,.,w,1260620,1262760,2,r,2,c,2,c,2,rb,,,,,,,,,,,,,,,,,,,,,,,,,,
34_11,34,11,f,12,11/12/22,11/09/23,w,n,9.7,9.7,74.7,75.1,33,.,33,.,w,1262760,1262761,2,r,2,c,2,c,2,rb,6,rb,th,,,,,,,,,,,,,,,,,,,,,,,
34_11,34,11,f,12,11/12/22,11/09/23,w,n,9.7,9.7,74.7,75.1,33,.,33,.,w,1262761,1270240,2,r,2,c,2,c,,,,,,,,,,,,,,,,,,,,,,,,,,,,
34_11,34,11,f,12,11/12/22,11/09/23,w,n,9.7,9.7,74.7,75.1,33,.,33,.,w,1270240,1270241,2,r,2,c,2,c,3,r,7,r,p,,,,,,,,,,,,,,,,,,,,,,,
34_11,34,11,f,12,11/12/22,11/09/23,w,n,9.7,9.7,74.7,75.1,33,.,33,.,w,1270241,1270242,2,r,2,c,2,c,3,r,8,r,s,y,,,,,,,,,,,,,,,,,,,,,,
34_11,34,11,f,12,11/12/22,11/09/23,w,n,9.7,9.7,74.7,75.1,33,.,33,.,w,1270242,1276734,2,r,2,c,2,c,3,r,,,,,,,,,,,,,,,,,,,,,,,,,,
34_11,34,11,f,12,11/12/22,11/09/23,w,n,9.7,9.7,74.7,75.1,33,.,33,.,w,1276734,1276735,2,r,2,c,2,c,3,r,9,r,d,,,,,,,,,,,,,,,,,,,,,,,
34_11,34,11,f,12,11/12/22,11/09/23,w,n,9.7,9.7,74.7,75.1,33,.,33,.,w,1276735,1277992,2,r,2,c,2,c,3,r,,,,,,,,,,,,,,,,,,,,,,,,,,
34_11,34,11,f,12,11/12/22,11/09/23,w,n,9.7,9.7,74.7,75.1,33,.,33,.,w,1277992,1277993,2,r,2,c,2,c,3,r,10,r,p,,,,,,,,,,,,,,,,,,,,,,,
34_11,34,11,f,12,11/12/22,11/09/23,w,n,9.7,9.7,74.7,75.1,33,.,33,.,w,1277993,1277994,2,r,2,c,2,c,3,r,11,r,s,y,,,,,,,,,,,,,,,,,,,,,,
34_11,34,11,f,12,11/12/22,11/09/23,w,n,9.7,9.7,74.7,75.1,33,.,33,.,w,1277994,1283296,2,r,2,c,2,c,3,r,,,,,,,,,,,,,,,,,,,,,,,,,,
34_11,34,11,f,12,11/12/22,11/09/23,w,n,9.7,9.7,74.7,75.1,33,.,33,.,w,1283296,1283297,2,r,2,c,2,c,3,r,12,r,d,,,,,,,,,,,,,,,,,,,,,,,
34_11,34,11,f,12,11/12/22,11/09/23,w,n,9.7,9.7,74.7,75.1,33,.,33,.,w,1283297,1309680,2,r,2,c,2,c,,,,,,,,,,,,,,,,,,,,,,,,,,,,
34_11,34,11,f,12,11/12/22,11/09/23,w,n,9.7,9.7,74.7,75.1,33,.,33,.,w,1309680,1309681,2,r,2,c,2,c,4,s,13,s,pu,,,,,,,,,,,,,,,,,,,,,,,
34_11,34,11,f,12,11/12/22,11/09/23,w,n,9.7,9.7,74.7,75.1,33,.,33,.,w,1309681,1321478,2,r,2,c,2,c,4,s,,,,,,,,,,,,,,,,,,,,,,,,,,
34_11,34,11,f,12,11/12/22,11/09/23,w,n,9.7,9.7,74.7,75.1,33,.,33,.,w,1321478,1321479,2,r,2,c,2,c,4,s,14,s,f,,,,,,,,,,,,,,,,,,,,,,,
34_11,34,11,f,12,11/12/22,11/09/23,w,n,9.7,9.7,74.7,75.1,33,.,33,.,w,1321479,1324674,2,r,2,c,2,c,4,s,,,,,,,,,,,,,,,,,,,,,,,,,,
34_11,34,11,f,12,11/12/22,11/09/23,w,n,9.7,9.7,74.7,75.1,33,.,33,.,w,1324674,1324675,2,r,2,c,2,c,4,s,15,s,pu,,,,,,,,,,,,,,,,,,,,,,,
34_11,34,11,f,12,11/12/22,11/09/23,w,n,9.7,9.7,74.7,75.1,33,.,33,.,w,1324675,1335044,2,r,2,c,2,c,4,s,,,,,,,,,,,,,,,,,,,,,,,,,,
34_11,34,11,f,12,11/12/22,11/09/23,w,n,9.7,9.7,74.7,75.1,33,.,33,.,w,1335044,1335045,2,r,2,c,2,c,4,s,16,s,f,,,,,,,,,,,,,,,,,,,,,,,
34_11,34,11,f,12,11/12/22,11/09/23,w,n,9.7,9.7,74.7,75.1,33,.,33,.,w,1335045,1335996,2,r,2,c,2,c,4,s,,,,,,,,,,,,,,,,,,,,,,,,,,
34_11,34,11,f,12,11/12/22,11/09/23,w,n,9.7,9.7,74.7,75.1,33,.,33,.,w,1335996,1335997,2,r,2,c,2,c,4,s,17,s,pu,,,,,,,,,,,,,,,,,,,,,,,
34_11,34,11,f,12,11/12/22,11/09/23,w,n,9.7,9.7,74.7,75.1,33,.,33,.,w,1335997,1344768,2,r,2,c,2,c,4,s,,,,,,,,,,,,,,,,,,,,,,,,,,
34_11,34,11,f,12,11/12/22,11/09/23,w,n,9.7,9.7,74.7,75.1,33,.,33,.,w,1344768,1344769,2,r,2,c,2,c,4,s,18,s,f,,,,,,,,,,,,,,,,,,,,,,,
34_11,34,11,f,12,11/12/22,11/09/23,w,n,9.7,9.7,74.7,75.1,33,.,33,.,w,1344769,1345958,2,r,2,c,2,c,4,s,,,,,,,,,,,,,,,,,,,,,,,,,,
34_11,34,11,f,12,11/12/22,11/09/23,w,n,9.7,9.7,74.7,75.1,33,.,33,.,w,1345958,1355785,2,r,2,c,2,c,4,s,19,s,pu,,,,,,,,,,,,,,,,,,,,,,,
34_11,34,11,f,12,11/12/22,11/09/23,w,n,9.7,9.7,74.7,75.1,33,.,33,.,w,1355785,1383971,2,r,2,c,2,c,4,s,,,,,,,,,,,,,,,,,,,,,,,,,,
34_11,34,11,f,12,11/12/22,11/09/23,w,n,9.7,9.7,74.7,75.1,33,.,33,.,w,1383971,1384650,2,r,2,c,2,c,,,,,,,,,,,,,,,,,,,,,,,,,,,,
34_11,34,11,f,12,11/12/22,11/09/23,w,n,9.7,9.7,74.7,75.1,33,.,33,.,w,1384650,1384651,2,r,2,c,2,c,5,sh,20,sh,p,,,,,,,,,,,,,,,,,,,,,,,
34_11,34,11,f,12,11/12/22,11/09/23,w,n,9.7,9.7,74.7,75.1,33,.,33,.,w,1384651,1384652,2,r,2,c,2,c,5,sh,21,sh,h,,,,,,,,,,,,,,,,,,,,,,,
34_11,34,11,f,12,11/12/22,11/09/23,w,n,9.7,9.7,74.7,75.1,33,.,33,.,w,1384652,1389750,2,r,2,c,2,c,5,sh,,,,,,,,,,,,,,,,,,,,,,,,,,
34_11,34,11,f,12,11/12/22,11/09/23,w,n,9.7,9.7,74.7,75.1,33,.,33,.,w,1389750,1389751,2,r,2,c,2,c,5,sh,,,,,,,,,,,,,1,s,1,s,pu,,,,,,,,,
34_11,34,11,f,12,11/12/22,11/09/23,w,n,9.7,9.7,74.7,75.1,33,.,33,.,w,1389751,1396788,2,r,2,c,2,c,5,sh,,,,,,,,,,,,,1,s,,,,,,,,,,,,
34_11,34,11,f,12,11/12/22,11/09/23,w,n,9.7,9.7,74.7,75.1,33,.,33,.,w,1396788,1396789,2,r,2,c,2,c,5,sh,22,sh,c,,,,,,,,,,1,s,,,,,,,,,,,,
34_11,34,11,f,12,11/12/22,11/09/23,w,n,9.7,9.7,74.7,75.1,33,.,33,.,w,1396789,1419466,2,r,2,c,2,c,5,sh,,,,,,,,,,,,,1,s,,,,,,,,,,,,
34_11,34,11,f,12,11/12/22,11/09/23,w,n,9.7,9.7,74.7,75.1,33,.,33,.,w,1419466,1419467,2,r,2,c,2,c,5,sh,23,sh,d,,,,,,,,,,1,s,,,,,,,,,,,,
34_11,34,11,f,12,11/12/22,11/09/23,w,n,9.7,9.7,74.7,75.1,33,.,33,.,w,1419467,1427048,2,r,2,c,2,c,,,,,,,,,,,,,,,1,s,,,,,,,,,,,,
34_11,34,11,f,12,11/12/22,11/09/23,w,n,9.7,9.7,74.7,75.1,33,.,33,.,w,1427048,1427049,2,r,2,c,2,c,6,sh,24,sh,p,,,,,,,,,,1,s,,,,,,,,,,,,
34_11,34,11,f,12,11/12/22,11/09/23,w,n,9.7,9.7,74.7,75.1,33,.,33,.,w,1427049,1431366,2,r,2,c,2,c,6,sh,,,,,,,,,,,,,1,s,,,,,,,,,,,,
34_11,34,11,f,12,11/12/22,11/09/23,w,n,9.7,9.7,74.7,75.1,33,.,33,.,w,1431366,1431367,2,r,2,c,2,c,6,sh,25,sh,d,,,,,,,,,,1,s,,,,,,,,,,,,
34_11,34,11,f,12,11/12/22,11/09/23,w,n,9.7,9.7,74.7,75.1,33,.,33,.,w,1431367,1437554,2,r,2,c,2,c,,,,,,,,,,,,,,,1,s,,,,,,,,,,,,
34_11,34,11,f,12,11/12/22,11/09/23,w,n,9.7,9.7,74.7,75.1,33,.,33,.,w,1437554,1437555,2,r,2,c,2,c,,,,,,,,,,,,,,,1,s,2,s,pu,,,,,,,,,
34_11,34,11,f,12,11/12/22,11/09/23,w,n,9.7,9.7,74.7,75.1,33,.,33,.,w,1437555,1452582,2,r,2,c,2,c,,,,,,,,,,,,,,,1,s,,,,,,,,,,,,
34_11,34,11,f,12,11/12/22,11/09/23,w,n,9.7,9.7,74.7,75.1,33,.,33,.,w,1452582,1452583,2,r,2,c,2,c,,,,,,,,,,,,,,,1,s,3,s,pu,,,,,,,,,
34_11,34,11,f,12,11/12/22,11/09/23,w,n,9.7,9.7,74.7,75.1,33,.,33,.,w,1452583,1505622,2,r,2,c,2,c,,,,,,,,,,,,,,,1,s,,,,,,,,,,,,
34_11,34,11,f,12,11/12/22,11/09/23,w,n,9.7,9.7,74.7,75.1,33,.,33,.,w,1505622,1505623,2,r,2,c,2,c,,,,,,,,,,,,,,,1,s,4,s,p,,,,,,,,,
34_11,34,11,f,12,11/12/22,11/09/23,w,n,9.7,9.7,74.7,75.1,33,.,33,.,w,1505623,1507220,2,r,2,c,2,c,,,,,,,,,,,,,,,1,s,,,,,,,,,,,,
34_11,34,11,f,12,11/12/22,11/09/23,w,n,9.7,9.7,74.7,75.1,33,.,33,.,w,1507220,1507221,2,r,2,c,2,c,,,,,,,,,,,,,,,1,s,5,s,d,,,,,,,,,
34_11,34,11,f,12,11/12/22,11/09/23,w,n,9.7,9.7,74.7,75.1,33,.,33,.,w,1507221,1510416,2,r,2,c,2,c,,,,,,,,,,,,,,,1,s,,,,,,,,,,,,
34_11,34,11,f,12,11/12/22,11/09/23,w,n,9.7,9.7,74.7,75.1,33,.,33,.,w,1510416,1510417,2,r,2,c,2,c,,,,,,,,,,,,,,,1,s,6,s,pu,,,,,,,,,
34_11,34,11,f,12,11/12/22,11/09/23,w,n,9.7,9.7,74.7,75.1,33,.,33,.,w,1510417,1583245,2,r,2,c,2,c,,,,,,,,,,,,,,,1,s,,,,,,,,,,,,
34_11,34,11,f,12,11/12/22,11/09/23,w,n,9.7,9.7,74.7,75.1,33,.,33,.,w,1583245,1590384,2,r,2,c,2,c,,,,,,,,,,,,,,,,,,,,,,,,,,,,
34_11,34,11,f,12,11/12/22,11/09/23,w,n,9.7,9.7,74.7,75.1,33,.,33,.,w,1590384,1590385,2,r,2,c,2,c,7,s,26,s,pu,,,,,,,,,,,,,,,,,,,,,,,
34_11,34,11,f,12,11/12/22,11/09/23,w,n,9.7,9.7,74.7,75.1,33,.,33,.,w,1590385,1599871,2,r,2,c,2,c,7,s,,,,,,,,,,,,,,,,,,,,,,,,,,
34_11,34,11,f,12,11/12/22,11/09/23,w,n,9.7,9.7,74.7,75.1,33,.,33,.,w,1599871,1600720,2,r,2,c,2,c,,,,,,,,,,,,,,,,,,,,,,,,,,,,
34_11,34,11,f,12,11/12/22,11/09/23,w,n,9.7,9.7,74.7,75.1,33,.,33,.,w,1600720,1600721,2,r,2,c,2,c,8,sh,27,sh,p,,,,,,,,,,,,,,,,,,,,,,,
34_11,34,11,f,12,11/12/22,11/09/23,w,n,9.7,9.7,74.7,75.1,33,.,33,.,w,1600721,1600722,2,r,2,c,2,c,8,sh,28,sh,h,,,,,,,,,,,,,,,,,,,,,,,
34_11,34,11,f,12,11/12/22,11/09/23,w,n,9.7,9.7,74.7,75.1,33,.,33,.,w,1600722,1604120,2,r,2,c,2,c,8,sh,,,,,,,,,,,,,,,,,,,,,,,,,,
34_11,34,11,f,12,11/12/22,11/09/23,w,n,9.7,9.7,74.7,75.1,33,.,33,.,w,1604120,1604121,2,r,2,c,2,c,8,sh,29,sh,d,,,,,,,,,,,,,,,,,,,,,,,
34_11,34,11,f,12,11/12/22,11/09/23,w,n,9.7,9.7,74.7,75.1,33,.,33,.,w,1604121,1610104,2,r,2,c,2,c,8,sh,,,,,,,,,,,,,,,,,,,,,,,,,,
34_11,34,11,f,12,11/12/22,11/09/23,w,n,9.7,9.7,74.7,75.1,33,.,33,.,w,1610104,1610105,2,r,2,c,2,c,8,sh,30,sh,i,,,,,y,,,,,,,,,,,,,,,,,,
34_11,34,11,f,12,11/12/22,11/09/23,w,n,9.7,9.7,74.7,75.1,33,.,33,.,w,1610105,1616292,2,r,2,c,2,c,8,sh,,,,,,,,,,,,,,,,,,,,,,,,,,
34_11,34,11,f,12,11/12/22,11/09/23,w,n,9.7,9.7,74.7,75.1,33,.,33,.,w,1616292,1616293,2,r,2,c,2,c,8,sh,31,sh,p,,,,,,,,,,,,,,,,,,,,,,,
34_11,34,11,f,12,11/12/22,11/09/23,w,n,9.7,9.7,74.7,75.1,33,.,33,.,w,1616293,1618230,2,r,2,c,2,c,8,sh,,,,,,,,,,,,,,,,,,,,,,,,,,
34_11,34,11,f,12,11/12/22,11/09/23,w,n,9.7,9.7,74.7,75.1,33,.,33,.,w,1618230,1618231,2,r,2,c,2,c,8,sh,32,sh,f,,,,,,,,,,,,,,,,,,,,,,,
34_11,34,11,f,12,11/12/22,11/09/23,w,n,9.7,9.7,74.7,75.1,33,.,33,.,w,1618231,1638596,2,r,2,c,2,c,8,sh,,,,,,,,,,,,,,,,,,,,,,,,,,
34_11,34,11,f,12,11/12/22,11/09/23,w,n,9.7,9.7,74.7,75.1,33,.,33,.,w,1638596,1638597,2,r,2,c,2,c,8,sh,33,sh,p,,,,,,,,,,,,,,,,,,,,,,,
34_11,34,11,f,12,11/12/22,11/09/23,w,n,9.7,9.7,74.7,75.1,33,.,33,.,w,1638597,1639446,2,r,2,c,2,c,8,sh,,,,,,,,,,,,,,,,,,,,,,,,,,
34_11,34,11,f,12,11/12/22,11/09/23,w,n,9.7,9.7,74.7,75.1,33,.,33,.,w,1639446,1639447,2,r,2,c,2,c,8,sh,34,sh,i,,,,,,,,,,,,,,,,,,,,,,,
34_11,34,11,f,12,11/12/22,11/09/23,w,n,9.7,9.7,74.7,75.1,33,.,33,.,w,1639447,1666204,2,r,2,c,2,c,8,sh,,,,,,,,,,,,,,,,,,,,,,,,,,
34_11,34,11,f,12,11/12/22,11/09/23,w,n,9.7,9.7,74.7,75.1,33,.,33,.,w,1666204,1666205,2,r,2,c,2,c,8,sh,35,sh,d,,,,,,,,,,,,,,,,,,,,,,,
34_11,34,11,f,12,11/12/22,11/09/23,w,n,9.7,9.7,74.7,75.1,33,.,33,.,w,1666205,1673004,2,r,2,c,2,c,,,,,,,,,,,,,,,,,,,,,,,,,,,,
34_11,34,11,f,12,11/12/22,11/09/23,w,n,9.7,9.7,74.7,75.1,33,.,33,.,w,1673004,1673005,2,r,2,c,2,c,9,t,36,t,t,,,,,,,,,,,,,,,,,,,,,,,
34_11,34,11,f,12,11/12/22,11/09/23,w,n,9.7,9.7,74.7,75.1,33,.,33,.,w,1673005,1741311,2,r,2,c,2,c,9,t,,,,,,,,,,,,,,,,,,,,,,,,,,
34_11,34,11,f,12,11/12/22,11/09/23,w,n,9.7,9.7,74.7,75.1,33,.,33,.,w,1741311,1750048,2,r,2,c,2,c,,,,,,,,,,,,,,,,,,,,,,,,,,,,
34_11,34,11,f,12,11/12/22,11/09/23,w,n,9.7,9.7,74.7,75.1,33,.,33,.,w,1750048,1750049,2,r,2,c,2,c,10,t,37,t,t,,,,,,,,,,,,,,,,,,,,,,,
34_11,34,11,f,12,11/12/22,11/09/23,w,n,9.7,9.7,74.7,75.1,33,.,33,.,w,1750049,1755523,2,r,2,c,2,c,10,t,,,,,,,,,,,,,,,,,,,,,,,,,,
34_11,34,11,f,12,11/12/22,11/09/23,w,n,9.7,9.7,74.7,75.1,33,.,33,.,w,1755523,1840386,2,r,2,c,2,c,,,,,,,,,,,,,,,,,,,,,,,,,,,,
34_11,34,11,f,12,11/12/22,11/09/23,w,n,9.7,9.7,74.7,75.1,33,.,33,.,w,1840386,1840387,2,r,2,c,2,c,11,t,38,t,t,,,,,,,,,,,,,,,,,,,,,,,
34_11,34,11,f,12,11/12/22,11/09/23,w,n,9.7,9.7,74.7,75.1,33,.,33,.,w,1840387,1842053,2,r,2,c,2,c,11,t,,,,,,,,,,,,,,,,,,,,,,,,,,
34_11,34,11,f,12,11/12/22,11/09/23,w,n,9.7,9.7,74.7,75.1,33,.,33,.,w,1842053,1848648,2,r,2,c,2,c,,,,,,,,,,,,,,,,,,,,,,,,,,,,
34_11,34,11,f,12,11/12/22,11/09/23,w,n,9.7,9.7,74.7,75.1,33,.,33,.,w,1848648,2041598,,,,,,,,,,,,,,,,,,,,,,,,,,,,,,,,,,
34_11,34,11,f,12,11/12/22,11/09/23,w,n,9.7,9.7,74.7,75.1,33,.,33,.,w,2041598,3011312,3,b,,,,,,,,,,,,,,,,,,,,,,,,,,,,,,,,
34_11,34,11,f,12,11/12/22,11/09/23,w,n,9.7,9.7,74.7,75.1,33,.,33,.,w,3011312,3103146,,,,,,,,,,,,,,,,,,,,,,,,,,,,,,,,,,
34_11,34,11,f,12,11/12/22,11/09/23,w,n,9.7,9.7,74.7,75.1,33,.,33,.,w,3103146,3414892,4,g,,,,,,,,,,,,,,,,,,,,,,,,,,,,,,,,
34_11,34,11,f,12,11/12/22,11/09/23,w,n,9.7,9.7,74.7,75.1,33,.,33,.,w,3414892,3733064,,,,,,,,,,,,,,,,,,,,,,,,,,,,,,,,,,
34_11,34,11,f,12,11/12/22,11/09/23,w,n,9.7,9.7,74.7,75.1,33,.,33,.,w,3733064,3827482,5,m,,,,,,,,,,,,,,,,,,,,,,,,,,,,,,,,
